{
  "identifier": "2a0r12prnob1y78t7wqpn:1685911068",
  "title": "mushroom paradise",
  "complexity": 3000,
  "format_version": 6,
  "update_timestamp": 1685916606860,
  "creation_timestamp": 1685916606860,
  "data_key": "level_data:2a0r12prnob1y78t7wqpn:1685911068:1",
  "creators": [
    "dyghtlight"
  ],
  "tags": [
    "ok"
  ],
  "statistics": {
    "total_played": 200,
    "difficulty": 0.021505376344086023,
    "liked": 0.6666666666666666,
    "time": 77.63847500000001
  },
  "creator": "dyghtlight"
}