{
  "identifier": "2a330dj0lwxto6urn4k9u:1679645694",
  "title": "Safest Slide Ever",
  "complexity": 137,
  "format_version": 6,
  "update_timestamp": 1679828537534,
  "creation_timestamp": 1679743035760,
  "data_key": "level_data:2a330dj0lwxto6urn4k9u:1679645694:2",
  "creators": [
    "GalNightWatcher"
  ],
  "tags": [
    "ok"
  ],
  "statistics": {
    "total_played": 1200,
    "difficulty": 0.6106870229007634,
    "liked": 0.7114337568058077,
    "time": 19.72790015625001
  },
  "creator": "GalNightWatcher"
}