{
  "identifier": "29vwpoz1ta63oys21bvfv:1686323077",
  "title": "mini obby",
  "complexity": 1987,
  "format_version": 6,
  "update_timestamp": 1686403711109,
  "creation_timestamp": 1686403711109,
  "data_key": "level_data:29vwpoz1ta63oys21bvfv:1686323077:1",
  "tags": [
    "ok"
  ],
  "statistics": {
    "total_played": 200,
    "difficulty": 0.32065217391304346,
    "liked": 0.7555555555555555,
    "time": 66.12131186440676
  }
}