{
  "identifier": "29rqdxks1jyqbrdnw6ggs:1685358370",
  "title": "Escape The Cavern",
  "complexity": 411,
  "format_version": 6,
  "update_timestamp": 1685360478482,
  "creation_timestamp": 1685360478482,
  "data_key": "level_data:29rqdxks1jyqbrdnw6ggs:1685358370:1",
  "creators": [
    "Cydigi3"
  ],
  "tags": [
    "ok"
  ],
  "statistics": {
    "total_played": 300,
    "difficulty": 0.07913669064748201,
    "liked": 0.9230769230769231,
    "time": 51.2064540909091
  },
  "creator": "Cydigi3"
}