{
  "identifier": "29t6ofzisqvkbl7002lj2:1672335311",
  "title": "Snowys Great Trials",
  "complexity": 2759,
  "format_version": 6,
  "update_timestamp": 1674599851012,
  "creation_timestamp": 1673476114128,
  "data_key": "level_data:29t6ofzisqvkbl7002lj2:1672335311:2",
  "creators": [
    "Snowyluxio-FMasonF"
  ],
  "tags": [
    "ok"
  ],
  "statistics": {
    "total_played": 500,
    "difficulty": 0.059548254620123205,
    "liked": 0.6153846153846154,
    "time": 90.43201034482759
  },
  "creator": "Snowyluxio-FMasonF"
}