{
  "identifier": "2ayex410d0zkllff9kv60:1683984152",
  "title": "FACTORY RESET",
  "complexity": 2984,
  "format_version": 6,
  "update_timestamp": 1684071602582,
  "creation_timestamp": 1684071602582,
  "data_key": "level_data:2ayex410d0zkllff9kv60:1683984152:1",
  "creators": [
    "KPW",
    "Galnightwatcher",
    "gman2giant"
  ],
  "tags": [
    "ok"
  ],
  "statistics": {
    "total_played": 75,
    "difficulty": 0.5409836065573771,
    "liked": 0.8620689655172413,
    "time": 52.59851212121214
  },
  "creator": "KPW"
}