{
  "identifier": "29v9vd6n9z45d16mi2o2n:1690694933",
  "title": "Jeffbobs mini golf 2",
  "complexity": 1287,
  "format_version": 6,
  "update_timestamp": 1690696720807,
  "creation_timestamp": 1690696720807,
  "data_key": "level_data:29v9vd6n9z45d16mi2o2n:1690694933:1",
  "creators": [
    "jeffbob",
    "midevalduck",
    "cashvirt",
    "NSKC7 /.INDEX"
  ],
  "tags": [
    "ok"
  ],
  "statistics": {
    "total_played": 1300,
    "difficulty": 0.2332089552238806,
    "liked": 0.8232323232323232,
    "time": 42.94147079999998
  },
  "creator": "jeffbob"
}