{
  "identifier": "29px3pmrktk2sms8qmvqb:1690860328",
  "title": "Wintry Cove",
  "complexity": 2982,
  "format_version": 6,
  "update_timestamp": 1690863719783,
  "creation_timestamp": 1690863502273,
  "data_key": "level_data:29px3pmrktk2sms8qmvqb:1690860328:2",
  "creators": [
    "CokeDeee",
    "JeffBobDude"
  ],
  "tags": [
    "ok"
  ],
  "statistics": {
    "total_played": 600,
    "difficulty": 0.04553734061930783,
    "liked": 0.9285714285714286,
    "time": 97.57700400000003
  },
  "creator": "CokeDeee"
}