{
  "identifier": "2ba036f303ulw0lj4vbe4:1679429203",
  "title": "icy slide",
  "complexity": 96,
  "format_version": 6,
  "update_timestamp": 1679430569486,
  "creation_timestamp": 1679430569486,
  "data_key": "level_data:2ba036f303ulw0lj4vbe4:1679429203:1",
  "creators": [
    "uklas"
  ],
  "tags": [
    "ok"
  ],
  "statistics": {
    "total_played": 1100,
    "difficulty": 0.5561555075593952,
    "liked": 0.738255033557047,
    "time": 19.594904834951464
  },
  "creator": "uklas"
}