{
  "identifier": "29v9vd6n9z45d16mi2o2n:1672104262",
  "title": "jeffbobs training course",
  "complexity": 295,
  "format_version": 6,
  "update_timestamp": 1687484446052,
  "creation_timestamp": 1687484446052,
  "data_key": "level_data:29v9vd6n9z45d16mi2o2n:1672104262:1",
  "creators": [
    "jeffbob"
  ],
  "tags": [
    "ok"
  ],
  "statistics": {
    "total_played": 500,
    "difficulty": 0.2796420581655481,
    "liked": 0.79,
    "time": 67.05235191999998
  },
  "creator": "jeffbob"
}