{
    "identifier": "2bvy4htc1ihhkf23hxxce:1689187205",
    "title": "Grabio",
    "complexity": 568,
    "format_version": 6,
    "update_timestamp": 1689210882690,
    "creation_timestamp": 1689208166018,
    "data_key": "level_data:2bvy4htc1ihhkf23hxxce:1689187205:4",
    "creators": [
      "BigDum",
      "LivinLuxary",
      "SirRandomPerson"
    ],
    "tags": [
      "ok"
    ],
    "statistics": {
      "total_played": 100,
      "difficulty": 0.32926829268292684,
      "liked": 0.782608695652174,
      "time": 56.97396666666667
    },
    "creator": "BigDum"
  }