{
  "identifier": "2aqj12racvbkdg8ge3ns9:1693357592",
  "title": "Echolocation",
  "complexity": 2845,
  "format_version": 6,
  "update_timestamp": 1693406838837,
  "creation_timestamp": 1693406838837,
  "data_key": "level_data:2aqj12racvbkdg8ge3ns9:1693357592:1",
  "creators": [
    "coleaaron"
  ],
  "tags": [
    "ok"
  ],
  "statistics": {
    "total_played": 800,
    "difficulty": 0.08961593172119488,
    "liked": 0.8387096774193549,
    "time": 50.763514285714265
  },
  "creator": "coleaaron"
}