{
  "identifier": "2b8snl6s61lk815mkzgur:1687566291",
  "title": "RiverSlide 2",
  "complexity": 1500,
  "format_version": 6,
  "update_timestamp": 1688533506815,
  "creation_timestamp": 1687581180528,
  "data_key": "level_data:2b8snl6s61lk815mkzgur:1687566291:3",
  "creators": [
    "HastyAnt123",
    "not_lemonbrickhead",
    "Bamf757",
    "Jonahslade2014",
    "studio_gx"
  ],
  "tags": [
    "ok"
  ],
  "statistics": {
    "total_played": 700,
    "difficulty": 0.3446601941747573,
    "liked": 0.7816091954022989,
    "time": 36.15221572769952
  },
  "creator": "HastyAnt123"
}