{
  "identifier": "2bd2s3li47bp026b0yjps:1693172660",
  "title": "The Quest For Bushy Bob's Potato",
  "complexity": 1500,
  "format_version": 6,
  "update_timestamp": 1693180324882,
  "creation_timestamp": 1693180324882,
  "data_key": "level_data:2bd2s3li47bp026b0yjps:1693172660:1",
  "creators": [
    "mrbossman_sir",
    "gage_rod"
  ],
  "tags": [
    "ok"
  ],
  "statistics": {
    "total_played": 1200,
    "difficulty": 0.38591269841269843,
    "liked": 0.7824675324675324,
    "time": 86.1187138817481
  },
  "creator": "mrbossman_sir"
}