{
  "identifier": "2bjpnbdr1zax8xqvdmxo4:1684860469",
  "title": "The corruption part 1: the eyestalks",
  "complexity": 2987,
  "format_version": 6,
  "update_timestamp": 1685021569068,
  "creation_timestamp": 1685020978913,
  "data_key": "level_data:2bjpnbdr1zax8xqvdmxo4:1684860469:4",
  "creators": [
    "lovinme",
    "lowkeyvrpro"
  ],
  "tags": [
    "ok"
  ],
  "statistics": {
    "total_played": 200,
    "difficulty": 0.41899441340782123,
    "liked": 0.7627118644067796,
    "time": 57.52527040000001
  },
  "creator": "lovinme"
}