{
  "identifier": "29v9vd6n9z45d16mi2o2n:1691083935",
  "title": "EVADE WALLRUNING TEST NO.1",
  "complexity": 2998,
  "format_version": 6,
  "update_timestamp": 1691166279493,
  "creation_timestamp": 1691116723991,
  "data_key": "level_data:29v9vd6n9z45d16mi2o2n:1691083935:2",
  "creators": [
    "jeffbob",
    "ryzx",
    "gman",
    "crazysherman"
  ],
  "tags": [
    "ok"
  ],
  "statistics": {
    "total_played": 1000,
    "difficulty": 0.10011376564277588,
    "liked": 0.8181818181818182,
    "time": 83.80017488636362
  },
  "creator": "jeffbob"
}