{
  "identifier": "2blpivozn2sda2qtolsem:1686276166",
  "title": "Soys slide 2!",
  "complexity": 180,
  "format_version": 6,
  "update_timestamp": 1686531828409,
  "creation_timestamp": 1686531828409,
  "data_key": "level_data:2blpivozn2sda2qtolsem:1686276166:1",
  "creators": [
    "soy705",
    "kingmaja3"
  ],
  "tags": [
    "ok"
  ],
  "statistics": {
    "total_played": 900,
    "difficulty": 0.20675675675675675,
    "liked": 0.7916666666666666,
    "time": 35.40543993464053
  },
  "creator": "soy705"
}