{
  "identifier": "29h6dby6mdzsr6wdfojkh:1641291689",
  "title": "long gurny",
  "complexity": 174,
  "format_version": 3,
  "update_timestamp": 1641294130700,
  "creation_timestamp": 1641294130700,
  "data_key": "level_data:29h6dby6mdzsr6wdfojkh:1641291689:1",
  "description": "its hard",
  "tags": [
    "ok"
  ],
  "statistics": {
    "total_played": 4526,
    "difficulty": 0.5485659194986744,
    "liked": 0.7493811881188119,
    "time": 67.08077661127905
  }
}