{
  "identifier": "29v9vd6n9z45d16mi2o2n:1686715577",
  "title": "Grab factory",
  "complexity": 901,
  "format_version": 6,
  "update_timestamp": 1686717559983,
  "creation_timestamp": 1686717559983,
  "data_key": "level_data:29v9vd6n9z45d16mi2o2n:1686715577:1",
  "creators": [
    "jeffbob",
    "pnut",
    "jaxaxe"
  ],
  "tags": [
    "ok"
  ],
  "statistics": {
    "total_played": 400,
    "difficulty": 0.4081081081081081,
    "liked": 0.7543859649122807,
    "time": 58.70150198675498
  },
  "creator": "jeffbob"
}