{
  "identifier": "29srqtwaq08zzhp3kng3u:1681556819",
  "title": "speed city",
  "complexity": 210,
  "format_version": 6,
  "update_timestamp": 1682530287655,
  "creation_timestamp": 1682530287655,
  "data_key": "level_data:29srqtwaq08zzhp3kng3u:1681556819:1",
  "creators": [
    "CoblerB1 &Dandestoys"
  ],
  "tags": [
    "ok"
  ],
  "statistics": {
    "total_played": 900,
    "difficulty": 0.011320754716981131,
    "liked": 0.8571428571428571,
    "time": 37.414500000000004
  },
  "creator": "CoblerB1 &Dandestoys"
}