{
  "identifier": "29gqyir18iwyymzh4fq24:1685899769",
  "title": "wall climb pt.2",
  "complexity": 478,
  "format_version": 6,
  "update_timestamp": 1685901956822,
  "creation_timestamp": 1685901956822,
  "data_key": "level_data:29gqyir18iwyymzh4fq24:1685899769:1",
  "creators": [
    "bonzi45"
  ],
  "tags": [
    "ok"
  ],
  "statistics": {
    "total_played": 200,
    "difficulty": 0.07222222222222222,
    "liked": 0.8571428571428571,
    "time": 73.49563846153846
  },
  "creator": "bonzi45"
}