{
  "identifier": "2b9eljz194l1jhj8mrswh:1682794067",
  "title": "lava added more!",
  "complexity": 1190,
  "format_version": 6,
  "update_timestamp": 1694486074036,
  "creation_timestamp": 1682796284963,
  "data_key": "level_data:2b9eljz194l1jhj8mrswh:1682794067:2",
  "creators": [
    "logan87437"
  ],
  "tags": [
    "ok"
  ],
  "statistics": {
    "total_played": 600,
    "difficulty": 0.3570057581573896,
    "liked": 0.7891156462585034,
    "time": 82.33664193548387
  },
  "creator": "logan87437"
}