{
  "identifier": "2a9jguyxawdta82h8sbe5:1679945807",
  "title": "a island tale",
  "complexity": 919,
  "format_version": 6,
  "update_timestamp": 1679949659921,
  "creation_timestamp": 1679949659921,
  "data_key": "level_data:2a9jguyxawdta82h8sbe5:1679945807:1",
  "creators": [
    "silas1122"
  ],
  "tags": [
    "ok"
  ],
  "statistics": {
    "total_played": 800,
    "difficulty": 0.24118476727785615,
    "liked": 0.7894736842105263,
    "time": 66.1539456140351
  },
  "creator": "silas1122"
}