{
  "identifier": "2a62nshtmjxvbma47ovmg:1681320621",
  "title": "Lava Fun - Part 2",
  "complexity": 1437,
  "format_version": 6,
  "update_timestamp": 1681644401094,
  "creation_timestamp": 1681644401094,
  "data_key": "level_data:2a62nshtmjxvbma47ovmg:1681320621:1",
  "creators": [
    "Axs4ly / 7.NICO"
  ],
  "tags": [
    "ok"
  ],
  "statistics": {
    "total_played": 400,
    "difficulty": 0.00821917808219178,
    "liked": 0.6666666666666666,
    "time": 720.23
  },
  "creator": "Axs4ly / 7.NICO"
}