{
  "identifier": "29zyfog9up774ha2c6vvm:1660940745",
  "title": "volcano escape 1",
  "complexity": 826,
  "format_version": 4,
  "update_timestamp": 1660946343404,
  "creation_timestamp": 1660946343404,
  "data_key": "level_data:29zyfog9up774ha2c6vvm:1660940745:1",
  "creators": [
    "trainboivr"
  ],
  "tags": [
    "ok"
  ],
  "statistics": {
    "total_played": 2973,
    "difficulty": 0.01338432122370937,
    "liked": 0.7407407407407407,
    "time": 472.36625757575763
  },
  "creator": "trainboivr"
}