{
  "identifier": "2am015n3aa6sebl0p6923:1663529734",
  "title": "snowy hights",
  "complexity": 2450,
  "format_version": 6,
  "update_timestamp": 1679524316206,
  "creation_timestamp": 1663626370387,
  "data_key": "level_data:2am015n3aa6sebl0p6923:1663529734:2",
  "creators": [
    "rougueRunner"
  ],
  "tags": [
    "ok"
  ],
  "statistics": {
    "total_played": 1200,
    "difficulty": 0.10234741784037558,
    "liked": 0.7866666666666666,
    "time": 214.2614495412845
  },
  "creator": "rougueRunner"
}