{
  "identifier": "29v9vd6n9z45d16mi2o2n:1698609573",
  "title": "ROUGH SEAS AHEAD",
  "complexity": 766,
  "format_version": 7,
  "update_timestamp": 1700411126016,
  "creation_timestamp": 1698613037580,
  "data_key": "level_data:29v9vd6n9z45d16mi2o2n:1698609573:3",
  "creators": [
    "JEFFBOBDUDE",
    "ebspark",
    "d2whiplash"
  ],
  "tags": [
    "ok"
  ],
  "statistics": {
    "total_played": 300,
    "difficulty": 0.05925925925925926,
    "liked": 1,
    "time": 52.286006250000014
  },
  "images": {
    "full": {
      "key": "level_29v9vd6n9z45d16mi2o2n_1698609573_1.png",
      "width": 1920,
      "height": 1080
    },
    "thumb": {
      "key": "level_29v9vd6n9z45d16mi2o2n_1698609573_1_thumb.png",
      "width": 512,
      "height": 288
    }
  },
  "creator": "JEFFBOBDUDE"
}