{
  "identifier": "2aempisj2cr4n1zshv7bd:1707951633",
  "title": "Gaer One",
  "complexity": 1463,
  "format_version": 8,
  "update_timestamp": 1707966716602,
  "creation_timestamp": 1707966716602,
  "data_key": "level_data:2aempisj2cr4n1zshv7bd:1707951633:1",
  "description": "gaers",
  "creators": [
    "h.191456 Lucius.x.Smith BBQsanwich"
  ],
  "tags": [
    "ok"
  ],
  "verification_time": 114.08,
  "statistics": {
    "total_played": 400,
    "difficulty": 0.13101604278074866,
    "liked": 0.7666666666666667,
    "time": 78.15919653061223
  },
  "images": {
    "full": {
      "key": "level_2aempisj2cr4n1zshv7bd_1707951633_1.png",
      "width": 1920,
      "height": 1080
    },
    "thumb": {
      "key": "level_2aempisj2cr4n1zshv7bd_1707951633_1_thumb.png",
      "width": 512,
      "height": 288
    }
  },
  "creator": "h.191456 Lucius.x.Smith BBQsanwich",
  "change": 0
}