{
  "identifier": "29rhk9gdy7iiza0k3tttk:1667024629",
  "title": "slope VR",
  "complexity": 2289,
  "format_version": 6,
  "update_timestamp": 1667735349180,
  "creation_timestamp": 1667036122364,
  "data_key": "level_data:29rhk9gdy7iiza0k3tttk:1667024629:2",
  "creators": [
    "itsatrap11190"
  ],
  "tags": [
    "ok"
  ],
  "statistics": {
    "total_played": 5400,
    "difficulty": 0.06351910440496471,
    "liked": 0.8585858585858586,
    "time": 41.425308429118765
  },
  "images": {
    "full": {
      "key": "level_29rhk9gdy7iiza0k3tttk_1667024629_1.png",
      "width": 1920,
      "height": 1080
    },
    "thumb": {
      "key": "level_29rhk9gdy7iiza0k3tttk_1667024629_1_thumb.png",
      "width": 512,
      "height": 288
    }
  },
  "creator": "itsatrap11190"
}