{
  "identifier": "2buvnxfbjo1c0edkdii9x:1695087592",
  "title": "the mountainclimb EXTREME 4",
  "complexity": 1190,
  "format_version": 7,
  "update_timestamp": 1701133628959,
  "creation_timestamp": 1695089511935,
  "data_key": "level_data:2buvnxfbjo1c0edkdii9x:1695087592:3",
  "creators": [
    "c0nnorgt jordsters"
  ],
  "tags": [
    "ok"
  ],
  "statistics": {
    "total_played": 300,
    "difficulty": 0.23404255319148937,
    "liked": 0.7647058823529411,
    "time": 71.12159696969701
  },
  "images": {
    "full": {
      "key": "level_2buvnxfbjo1c0edkdii9x_1695087592_2.png",
      "width": 1920,
      "height": 1080
    },
    "thumb": {
      "key": "level_2buvnxfbjo1c0edkdii9x_1695087592_2_thumb.png",
      "width": 512,
      "height": 288
    }
  },
  "creator": "c0nnorgt jordsters"
}