{
  "identifier": "2bt1j9owykx3qrnr8ilbv:1707512881",
  "title": "empty spaces (automated)",
  "complexity": 2999,
  "format_version": 8,
  "update_timestamp": 1707933983285,
  "creation_timestamp": 1707933402580,
  "data_key": "level_data:2bt1j9owykx3qrnr8ilbv:1707512881:2",
  "creators": [
    "pnut and milo"
  ],
  "tags": [
    "ok"
  ],
  "verification_time": 28.54,
  "statistics": {
    "total_played": 400,
    "difficulty": 0.3460490463215259,
    "liked": 0.851063829787234,
    "time": 96.91460236220475
  },
  "images": {
    "full": {
      "key": "level_2bt1j9owykx3qrnr8ilbv_1707512881_1.png",
      "width": 1920,
      "height": 1080
    },
    "thumb": {
      "key": "level_2bt1j9owykx3qrnr8ilbv_1707512881_1_thumb.png",
      "width": 512,
      "height": 288
    }
  },
  "creator": "pnut and milo",
  "change": 0
}