{
  "identifier": "2br9o7n5m8j6cjhi0wbjf:1701102274",
  "title": "The tower of obstacles",
  "complexity": 862,
  "format_version": 8,
  "update_timestamp": 1708115710796,
  "creation_timestamp": 1701112518086,
  "data_key": "level_data:2br9o7n5m8j6cjhi0wbjf:1701102274:22",
  "creators": [
    "TTC_FelixVr",
    "TTC BBQ"
  ],
  "tags": [
    "ok"
  ],
  "verification_time": 16.78,
  "statistics": {
    "total_played": 600,
    "difficulty": 0.4606741573033708,
    "liked": 0.8391959798994975,
    "time": 80.61388130081296
  },
  "images": {
    "full": {
      "key": "level_2br9o7n5m8j6cjhi0wbjf_1701102274_2.png",
      "width": 1920,
      "height": 1080
    },
    "thumb": {
      "key": "level_2br9o7n5m8j6cjhi0wbjf_1701102274_2_thumb.png",
      "width": 512,
      "height": 288
    }
  },
  "creator": "TTC_FelixVr",
  "change": 0
}