{"identifier": "29srqtwaq08zzhp3kng3u:1686322895", "title": "ice mansion", "complexity": 2098, "update_timestamp": 1686408681064, "creation_timestamp": 1686408681064, "creators": ["CoblerB1", "LowkeyVrPro"], "tags": ["ok"], "statistics": {"total_played": 600, "difficulty": 0.025688073394495414, "liked": 0.8888888888888888, "time": 66.99173571428572, "difficulty_string": "hard"}, "change": 0}