{
  "identifier": "29vtrzpkxkl5bs0e2i9l4:1666046077",
  "title": "ski",
  "complexity": 2009,
  "format_version": 6,
  "update_timestamp": 1666059474111,
  "creation_timestamp": 1666059474111,
  "data_key": "level_data:29vtrzpkxkl5bs0e2i9l4:1666046077:1",
  "creators": [
    "grenek66"
  ],
  "tags": [
    "ok"
  ],
  "statistics": {
    "total_played": 2200,
    "difficulty": 0.050190943807965085,
    "liked": 0.7906976744186046,
    "time": 44.95459456521739
  },
  "creator": "grenek66"
}