{
  "identifier": "2bv1efi8h97za97zc2wos:1692125114",
  "title": "Mossy caves",
  "complexity": 530,
  "format_version": 6,
  "update_timestamp": 1694982778954,
  "creation_timestamp": 1692129752031,
  "data_key": "level_data:2bv1efi8h97za97zc2wos:1692125114:2",
  "creators": [
    "Molten vr"
  ],
  "tags": [
    "ok"
  ],
  "statistics": {
    "total_played": 500,
    "difficulty": 0.4563758389261745,
    "liked": 0.6807228915662651,
    "time": 65.3681357843137
  },
  "creator": "Molten vr"
}