{
  "identifier": "2c0umwj29il8lm64j0cz0:1702682572",
  "title": "Yoohoo GG",
  "complexity": 2323,
  "format_version": 8,
  "update_timestamp": 1711723910501,
  "creation_timestamp": 1702847199827,
  "data_key": "level_data:2c0umwj29il8lm64j0cz0:1702682572:5",
  "description": "You dive deeper into the factory and find yourself in a forest, and an ominous house.",
  "creators": [
    "malicious4823",
    "golden_moon (vent 1's layout)"
  ],
  "tags": [
    "ok"
  ],
  "verification_time": 37.75,
  "statistics": {
    "total_played": 1800,
    "difficulty": 0.3013698630136986,
    "liked": 0.8017241379310345,
    "time": 59.42318431818177
  },
  "images": {
    "full": {
      "key": "level_2c0umwj29il8lm64j0cz0_1702682572_1.png",
      "width": 1920,
      "height": 1080
    },
    "thumb": {
      "key": "level_2c0umwj29il8lm64j0cz0_1702682572_1_thumb.png",
      "width": 512,
      "height": 288
    }
  },
  "creator": "malicious4823",
  "change": 0
}