{
  "identifier": "29nc4u36b978p1uxje8qz:1644832633",
  "title": "easy escape",
  "complexity": 438,
  "format_version": 3,
  "update_timestamp": 1645416917438,
  "creation_timestamp": 1644905749948,
  "data_key": "level_data:29nc4u36b978p1uxje8qz:1644832633:4",
  "creators": [
    "cura"
  ],
  "tags": [
    "ok"
  ],
  "statistics": {
    "total_played": 8570,
    "difficulty": 0.5325023455300898,
    "liked": 0.7637474541751528,
    "time": 75.50459391280027
  },
  "creator": "cura"
}