{
  "identifier": "2a3gpy09xxjfr1wz03wpa:1703694679",
  "title": "lava lands",
  "complexity": 1239,
  "format_version": 7,
  "update_timestamp": 1703696711927,
  "creation_timestamp": 1703696711927,
  "data_key": "level_data:2a3gpy09xxjfr1wz03wpa:1703694679:1",
  "creators": [
    "uwentpoo",
    "wolfyvr468"
  ],
  "tags": [
    "ok"
  ],
  "statistics": {
    "total_played": 50,
    "difficulty": 0.10638297872340426,
    "liked": 1,
    "time": 88.01739999999998
  },
  "images": {
    "full": {
      "key": "level_2a3gpy09xxjfr1wz03wpa_1703694679_1.png",
      "width": 1920,
      "height": 1080
    },
    "thumb": {
      "key": "level_2a3gpy09xxjfr1wz03wpa_1703694679_1_thumb.png",
      "width": 512,
      "height": 288
    }
  },
  "creator": "uwentpoo"
}