{
    "identifier": "2aejscunjtm5ktmn0lh0w:1682073510",
    "title": "slide of DOOM",
    "complexity": 850,
    "format_version": 6,
    "update_timestamp": 1682083151956,
    "creation_timestamp": 1682083151956,
    "data_key": "level_data:2aejscunjtm5ktmn0lh0w:1682073510:1",
    "creators": ["LOWKEYVRPRO"],
    "tags": ["ok"],
    "statistics": {
        "total_played": 300,
        "difficulty": 0.16853932584269662,
        "liked": 0.8857142857142857,
        "time": 47.328262222222214
    },
    "creator": "LOWKEYVRPRO"
}