{
  "identifier": "2bb7ndvntrf86g47ciwxn:1693731408",
  "title": "NinjaWarior Course",
  "complexity": 992,
  "format_version": 7,
  "update_timestamp": 1700263328882,
  "creation_timestamp": 1700263149282,
  "data_key": "level_data:2bb7ndvntrf86g47ciwxn:1693731408:2",
  "creators": [
    "danny",
    "bradeeznuts"
  ],
  "tags": [
    "ok"
  ],
  "statistics": {
    "total_played": 100,
    "difficulty": 0.1134020618556701,
    "liked": 0.6666666666666666,
    "time": 80.19017272727272
  },
  "creator": "danny"
}