{
  "identifier": "2adps2mxxoc2scx8mlroe:1696201736",
  "title": "GEOMETRY DASH ADVENTURE PT.1",
  "complexity": 647,
  "format_version": 6,
  "update_timestamp": 1696206269356,
  "creation_timestamp": 1696206269356,
  "data_key": "level_data:2adps2mxxoc2scx8mlroe:1696201736:1",
  "creators": [
    "CoolWhiten"
  ],
  "tags": [
    "ok"
  ],
  "statistics": {
    "total_played": 400,
    "difficulty": 0.03278688524590164,
    "liked": 0.7142857142857143,
    "time": 42.524775
  },
  "creator": "CoolWhiten"
}