{
  "identifier": "2c192q2eptncyzclbolr6:1697814393",
  "title": "Color Bash v1",
  "complexity": 600,
  "format_version": 7,
  "update_timestamp": 1698567242601,
  "creation_timestamp": 1697818859766,
  "data_key": "level_data:2c192q2eptncyzclbolr6:1697814393:2",
  "creators": [
    "Cardenas712"
  ],
  "tags": [
    "ok"
  ],
  "statistics": {
    "total_played": 400,
    "difficulty": 0.01639344262295082,
    "liked": 1,
    "time": 57.31683333333333
  },
  "creator": "Cardenas712"
}