{
  "identifier": "2br9o7n5m8j6cjhi0wbjf:1701102274",
  "title": "The tower of obstacles",
  "complexity": 184,
  "format_version": 7,
  "update_timestamp": 1702154554925,
  "creation_timestamp": 1701112518086,
  "data_key": "level_data:2br9o7n5m8j6cjhi0wbjf:1701102274:5",
  "creators": [
    "TTC_FelixVr"
  ],
  "tags": [
    "ok"
  ],
  "statistics": {
    "total_played": 100,
    "difficulty": 0.45263157894736844,
    "liked": 0.8666666666666667,
    "time": 87.36756976744188
  },
  "images": {
    "full": {
      "key": "level_2br9o7n5m8j6cjhi0wbjf_1701102274_1.png",
      "width": 1920,
      "height": 1080
    },
    "thumb": {
      "key": "level_2br9o7n5m8j6cjhi0wbjf_1701102274_1_thumb.png",
      "width": 512,
      "height": 288
    }
  },
  "creator": "TTC_FelixVr"
}