{
  "identifier": "29id5ta7mb54j28tz6wfe:1705436655",
  "title": "Grab Rush! (Map 2, 8 LEVELS!)",
  "complexity": 3000,
  "format_version": 8,
  "update_timestamp": 1705546129642,
  "creation_timestamp": 1705453502918,
  "data_key": "level_data:29id5ta7mb54j28tz6wfe:1705436655:13",
  "description": "Its back with more levels, wow!",
  "creators": [
    "Convrist",
    "luhmao",
    "levi8020",
    "Mr.Madlord",
    "BWLBuck"
  ],
  "tags": [
    "ok"
  ],
  "verification_time": 51.07,
  "statistics": {
    "total_played": 11700,
    "difficulty": 0.024363027710619305,
    "liked": 0.7702702702702703,
    "time": 84.26577480916029
  },
  "images": {
    "full": {
      "key": "level_29id5ta7mb54j28tz6wfe_1705436655_1.png",
      "width": 1920,
      "height": 1080
    },
    "thumb": {
      "key": "level_29id5ta7mb54j28tz6wfe_1705436655_1_thumb.png",
      "width": 512,
      "height": 288
    }
  },
  "creator": "Convrist",
  "change": 300
}