{
  "identifier": "2d0l5n75uzhwos9jc7g7j:1712126097",
  "title": "tsunami simulator (from roblox)",
  "complexity": 1427,
  "format_version": 8,
  "update_timestamp": 1712879705292,
  "creation_timestamp": 1712143960945,
  "data_key": "level_data:2d0l5n75uzhwos9jc7g7j:1712126097:7",
  "creators": [
    "Coolname73"
  ],
  "tags": [
    "ok"
  ],
  "verification_time": 64.29,
  "statistics": {
    "total_played": 1100,
    "difficulty": 0.253475935828877,
    "liked": 0.8488372093023255,
    "time": 96.58252025316452,
    "difficulty_string": "medium"
  },
  "images": {
    "full": {
      "key": "level_2d0l5n75uzhwos9jc7g7j_1712126097_1.png",
      "width": 1920,
      "height": 1080
    },
    "thumb": {
      "key": "level_2d0l5n75uzhwos9jc7g7j_1712126097_1_thumb.png",
      "width": 512,
      "height": 288
    }
  },
  "creator": "Coolname73",
  "change": 0
}