{
  "identifier": "2aejscunjtm5ktmn0lh0w:1696136920",
  "title": "Sky Islands",
  "complexity": 1766,
  "format_version": 6,
  "update_timestamp": 1696247152189,
  "creation_timestamp": 1696209409560,
  "data_key": "level_data:2aejscunjtm5ktmn0lh0w:1696136920:2",
  "creators": [
    "LowkeyVrPro",
    "MedeivalDuck"
  ],
  "tags": [
    "ok"
  ],
  "statistics": {
    "total_played": 600,
    "difficulty": 0.12222222222222222,
    "liked": 0.8695652173913043,
    "time": 76.3240181818182
  },
  "creator": "LowkeyVrPro"
}