{
  "identifier": "29v9vd6n9z45d16mi2o2n:1675014236",
  "title": "cool jungle climb",
  "complexity": 2995,
  "format_version": 6,
  "update_timestamp": 1675017753366,
  "creation_timestamp": 1675017753366,
  "data_key": "level_data:29v9vd6n9z45d16mi2o2n:1675014236:1",
  "creators": [
    "jeffbobdude",
    "draymay702",
    "AFT_daring"
  ],
  "tags": [
    "ok"
  ],
  "statistics": {
    "total_played": 800,
    "difficulty": 0.00804289544235925,
    "liked": 0.6666666666666666,
    "time": 78.20625
  },
  "creator": "jeffbobdude"
}