{"identifier": "29in1p62tmli4kntkaz4q:1641066910", "title": "slide", "complexity": 39, "update_timestamp": 1641078789945, "creation_timestamp": 1641078789945, "creators": ["gaser"], "tags": ["ok"], "statistics": {"total_played": 8975, "difficulty": 0.1610301768990635, "liked": 0.7836065573770492, "time": 92.09789085201805, "difficulty_string": "medium"}, "change": 0}