{
  "identifier": "2bcw05auge92xtehn42vj:1683943956",
  "title": "SHORT BUT ANNOYING",
  "complexity": 50,
  "format_version": 6,
  "update_timestamp": 1683945150997,
  "creation_timestamp": 1683945150997,
  "data_key": "level_data:2bcw05auge92xtehn42vj:1683943956:1",
  "creators": [
    "POPTEN47VR"
  ],
  "tags": [
    "ok"
  ],
  "statistics": {
    "total_played": 500,
    "difficulty": 0.017167381974248927,
    "liked": 0.8333333333333334,
    "time": 16.2830825
  },
  "creator": "POPTEN47VR"
}