{
  "identifier": "2aqj12racvbkdg8ge3ns9:1676834339",
  "title": "Pixel Swamp",
  "complexity": 2910,
  "format_version": 6,
  "update_timestamp": 1676841059290,
  "creation_timestamp": 1676840916064,
  "data_key": "level_data:2aqj12racvbkdg8ge3ns9:1676834339:2",
  "creators": [
    "coleaaron"
  ],
  "tags": [
    "ok"
  ],
  "statistics": {
    "total_played": 500,
    "difficulty": 0.06765327695560254,
    "liked": 0.9,
    "time": 57.45483656249999
  },
  "creator": "coleaaron",
  "change": 0
}