{
  "identifier": "2bgi9lylhp5z9ywogu4j1:1694373166",
  "title": "Milk.and.0reos diffculty chart",
  "complexity": 1469,
  "format_version": 7,
  "update_timestamp": 1696876174459,
  "creation_timestamp": 1696086634461,
  "data_key": "level_data:2bgi9lylhp5z9ywogu4j1:1694373166:2",
  "creators": [
    "Milk.and.0reos"
  ],
  "tags": [
    "ok"
  ],
  "statistics": {
    "total_played": 400,
    "difficulty": 0.02694610778443114,
    "liked": 0.7142857142857143,
    "time": 59.34515555555556
  },
  "creator": "Milk.and.0reos"
}