{
  "identifier": "2a19y9mg9e44wv031ncbs:1682769140",
  "title": "Awakening of the ancient Trin",
  "complexity": 1500,
  "format_version": 6,
  "update_timestamp": 1682848392188,
  "creation_timestamp": 1682848392188,
  "data_key": "level_data:2a19y9mg9e44wv031ncbs:1682769140:1",
  "creators": [
    "Sussypotato761"
  ],
  "tags": [
    "ok"
  ],
  "statistics": {
    "total_played": 600,
    "difficulty": 0.018518518518518517,
    "liked": 0.8333333333333334,
    "time": 54.00698
  },
  "creator": "Sussypotato761"
}