{
  "identifier": "2ahb82qqut2dt3we3p2ok:1695425172",
  "title": "DROPPER UP V1",
  "complexity": 200,
  "format_version": 6,
  "update_timestamp": 1695425895637,
  "creation_timestamp": 1695425895637,
  "data_key": "level_data:2ahb82qqut2dt3we3p2ok:1695425172:1",
  "creators": [
    "BliixVR"
  ],
  "tags": [
    "ok"
  ],
  "statistics": {
    "total_played": 300,
    "difficulty": 0.08247422680412371,
    "liked": 0.7619047619047619,
    "time": 37.90312083333333
  },
  "creator": "BliixVR"
}