{
  "identifier": "2b917heb2zsz19yqy16wu:1676585298",
  "title": "Grab Experiment 2",
  "complexity": 1375,
  "format_version": 6,
  "update_timestamp": 1676603241239,
  "creation_timestamp": 1676603241239,
  "data_key": "level_data:2b917heb2zsz19yqy16wu:1676585298:1",
  "creators": [
    "I_am_trash_lmao"
  ],
  "tags": [
    "ok"
  ],
  "statistics": {
    "total_played": 1600,
    "difficulty": 0.5466192170818506,
    "liked": 0.7083333333333334,
    "time": 57.97947955729173
  },
  "creator": "I_am_trash_lmao"
}