{
  "identifier": "2bb7ndvntrf86g47ciwxn:1692550137",
  "title": "karlson pt 2",
  "complexity": 2572,
  "format_version": 7,
  "update_timestamp": 1698259259824,
  "creation_timestamp": 1692554943481,
  "data_key": "level_data:2bb7ndvntrf86g47ciwxn:1692550137:7",
  "creators": [
    "danny"
  ],
  "tags": [
    "ok"
  ],
  "statistics": {
    "total_played": 1300,
    "difficulty": 0.3948412698412698,
    "liked": 0.8167701863354038,
    "time": 77.49054080402006
  },
  "creator": "danny"
}