{
  "identifier": "2ap0yu9y9g2lcvxbc5x3g:1694975891",
  "title": " Gravity Sliders",
  "complexity": 948,
  "format_version": 8,
  "update_timestamp": 1704234154411,
  "creation_timestamp": 1697271268172,
  "data_key": "level_data:2ap0yu9y9g2lcvxbc5x3g:1694975891:8",
  "creators": [
    "Itz_Alwx"
  ],
  "tags": [
    "ok"
  ],
  "verification_time": 59.97,
  "statistics": {
    "total_played": 800,
    "difficulty": 0.06140350877192982,
    "liked": 0.9090909090909091,
    "time": 39.66894457142856
  },
  "images": {
    "full": {
      "key": "level_2ap0yu9y9g2lcvxbc5x3g_1694975891_4.png",
      "width": 1920,
      "height": 1080
    },
    "thumb": {
      "key": "level_2ap0yu9y9g2lcvxbc5x3g_1694975891_4_thumb.png",
      "width": 512,
      "height": 288
    }
  },
  "creator": "Itz_Alwx"
}