{
  "identifier": "2b8qrlyunl25z1bcz3ws2:1700692006",
  "title": "PRISON 4",
  "complexity": 1185,
  "format_version": 7,
  "update_timestamp": 1700694689452,
  "creation_timestamp": 1700694689452,
  "data_key": "level_data:2b8qrlyunl25z1bcz3ws2:1700692006:1",
  "creators": [
    "bennyrocdale"
  ],
  "tags": [
    "ok"
  ],
  "statistics": {
    "total_played": 400,
    "difficulty": 0.26273458445040215,
    "liked": 0.8970588235294118,
    "time": 58.44934183673468
  },
  "images": {
    "full": {
      "key": "level_2b8qrlyunl25z1bcz3ws2_1700692006_1.png",
      "width": 1920,
      "height": 1080
    },
    "thumb": {
      "key": "level_2b8qrlyunl25z1bcz3ws2_1700692006_1_thumb.png",
      "width": 512,
      "height": 288
    }
  },
  "creator": "bennyrocdale"
}