{
  "identifier": "2ccgrfp562q2p3iworh00:1699769210",
  "title": "Potatos difficulty chart",
  "complexity": 1429,
  "format_version": 8,
  "update_timestamp": 1710360182234,
  "creation_timestamp": 1699937330305,
  "data_key": "level_data:2ccgrfp562q2p3iworh00:1699769210:2",
  "description": "difficulty chart inspired by ducks difficult chart.",
  "creators": [
    "potatochips11",
    "rex1207"
  ],
  "tags": [
    "ok"
  ],
  "verification_time": 61.34,
  "statistics": {
    "total_played": 600,
    "difficulty": 0.12548262548262548,
    "liked": 0.7619047619047619,
    "time": 69.59473076923078
  },
  "images": {
    "full": {
      "key": "level_2ccgrfp562q2p3iworh00_1699769210_1.png",
      "width": 1920,
      "height": 1080
    },
    "thumb": {
      "key": "level_2ccgrfp562q2p3iworh00_1699769210_1_thumb.png",
      "width": 512,
      "height": 288
    }
  },
  "creator": "potatochips11",
  "change": 0
}