{
  "identifier": "2a0w4jrzxbi4w589vxnoa:1687433700",
  "title": " The Wrong Dimension",
  "complexity": 1015,
  "format_version": 6,
  "update_timestamp": 1687522845683,
  "creation_timestamp": 1687522845683,
  "data_key": "level_data:2a0w4jrzxbi4w589vxnoa:1687433700:1",
  "description": "work in progress",
  "tags": [
    "ok"
  ],
  "statistics": {
    "total_played": 400,
    "difficulty": 0.6550802139037433,
    "liked": 0.7704081632653061,
    "time": 59.41742489795918
  },
  "change": 0
}