{
  "identifier": "29qqjp03bf3nt455cibkz:1680659716",
  "title": "SLIDE MASTERS 1!",
  "complexity": 124,
  "format_version": 6,
  "update_timestamp": 1680665215176,
  "creation_timestamp": 1680665215176,
  "data_key": "level_data:29qqjp03bf3nt455cibkz:1680659716:1",
  "creators": [
    "Oculuskane"
  ],
  "tags": [
    "ok"
  ],
  "statistics": {
    "total_played": 800,
    "difficulty": 0.225531914893617,
    "liked": 0.7846153846153846,
    "time": 54.355917610062875
  },
  "creator": "Oculuskane"
}