{
  "identifier": "2c7oqjunzn6dwy7rv6i96:1697590093",
  "title": "prison escape",
  "complexity": 2845,
  "format_version": 8,
  "update_timestamp": 1710009355254,
  "creation_timestamp": 1697591265455,
  "data_key": "level_data:2c7oqjunzn6dwy7rv6i96:1697590093:3",
  "description": "will you escape the prison ?",
  "creators": [
    "browniie vr"
  ],
  "tags": [
    "ok"
  ],
  "verification_time": 30.19,
  "statistics": {
    "total_played": 200,
    "difficulty": 0.33879781420765026,
    "liked": 0.7692307692307693,
    "time": 64.82208709677418
  },
  "images": {
    "full": {
      "key": "level_2c7oqjunzn6dwy7rv6i96_1697590093_3.png",
      "width": 1920,
      "height": 1080
    },
    "thumb": {
      "key": "level_2c7oqjunzn6dwy7rv6i96_1697590093_3_thumb.png",
      "width": 512,
      "height": 288
    }
  },
  "creator": "browniie vr",
  "change": 0
}