{
  "identifier": "2b9eljz194l1jhj8mrswh:1711135345",
  "title": "THE FLESH CAVE",
  "complexity": 908,
  "format_version": 8,
  "update_timestamp": 1711225466752,
  "creation_timestamp": 1711142064875,
  "data_key": "level_data:2b9eljz194l1jhj8mrswh:1711135345:2",
  "description": "        (HAS GRAPPLE PARKOUR)",
  "creators": [
    "Logan1234VR"
  ],
  "tags": [
    "ok"
  ],
  "verification_time": 52.53,
  "statistics": {
    "total_played": 1900,
    "difficulty": 0.004475703324808184,
    "liked": 0.8,
    "time": 42.2027857142857
  },
  "images": {
    "full": {
      "key": "level_2b9eljz194l1jhj8mrswh_1711135345_3.png",
      "width": 1920,
      "height": 1080
    },
    "thumb": {
      "key": "level_2b9eljz194l1jhj8mrswh_1711135345_3_thumb.png",
      "width": 512,
      "height": 288
    }
  },
  "creator": "Logan1234VR",
  "change": 100
}