{
  "identifier": "2an5o0os69dlqt13h5p08:1704662650",
  "title": "Minigolf Mania!",
  "complexity": 1498,
  "format_version": 8,
  "update_timestamp": 1704682880127,
  "creation_timestamp": 1704682880127,
  "data_key": "level_data:2an5o0os69dlqt13h5p08:1704662650:1",
  "creators": [
    "brodcoolol",
    "SyntaxVR",
    "pmac3434"
  ],
  "tags": [
    "ok"
  ],
  "verification_time": 33.62,
  "statistics": {
    "total_played": 400,
    "difficulty": 0.0449438202247191,
    "liked": 0.6923076923076923,
    "time": 42.67571875
  },
  "images": {
    "full": {
      "key": "level_2an5o0os69dlqt13h5p08_1704662650_1.png",
      "width": 1920,
      "height": 1080
    },
    "thumb": {
      "key": "level_2an5o0os69dlqt13h5p08_1704662650_1_thumb.png",
      "width": 512,
      "height": 288
    }
  },
  "creator": "brodcoolol",
  "change": 0
}