{
  "identifier": "29t2r9nmhiptyesl2s9d4:1695435891",
  "title": "THE--MUSH--OBBY",
  "complexity": 1498,
  "format_version": 6,
  "update_timestamp": 1695478179583,
  "creation_timestamp": 1695478179583,
  "data_key": "level_data:29t2r9nmhiptyesl2s9d4:1695435891:1",
  "creators": [
    "jacobkai1234"
  ],
  "tags": [
    "ok"
  ],
  "statistics": {
    "total_played": 300,
    "difficulty": 0.2978723404255319,
    "liked": 0.7575757575757576,
    "time": 69.09499880952383
  },
  "creator": "jacobkai1234",
  "change": 0
}