{
  "identifier": "29t5ipw4ptg52wpi4blfc:1698861541",
  "title": "just long",
  "complexity": 108,
  "format_version": 7,
  "update_timestamp": 1698863021216,
  "creation_timestamp": 1698863021216,
  "data_key": "level_data:29t5ipw4ptg52wpi4blfc:1698861541:1",
  "creators": [
    "codycole24"
  ],
  "tags": [
    "ok"
  ],
  "statistics": {
    "total_played": 100,
    "difficulty": 0.10204081632653061,
    "liked": 0.8333333333333334,
    "time": 70.90591
  },
  "creator": "codycole24"
}