{
  "identifier": "2a86gnxz4qchpehkxwljh:1691094081",
  "title": "Fall Guys - Tundra Run",
  "complexity": 1880,
  "format_version": 8,
  "update_timestamp": 1706061932903,
  "creation_timestamp": 1691158792105,
  "data_key": "level_data:2a86gnxz4qchpehkxwljh:1691094081:3",
  "creators": [
    "KingBrody1"
  ],
  "tags": [
    "ok"
  ],
  "verification_time": 31.06,
  "statistics": {
    "total_played": 3000,
    "difficulty": 0.48354327509142625,
    "liked": 0.8205128205128205,
    "time": 47.59674305042022
  },
  "images": {
    "full": {
      "key": "level_2a86gnxz4qchpehkxwljh_1691094081_2.png",
      "width": 1920,
      "height": 1080
    },
    "thumb": {
      "key": "level_2a86gnxz4qchpehkxwljh_1691094081_2_thumb.png",
      "width": 512,
      "height": 288
    }
  },
  "creator": "KingBrody1",
  "change": 0
}