{
  "identifier": "2a0r12prnob1y78t7wqpn:1701853837",
  "title": "The Experiment (full game)",
  "complexity": 1237,
  "format_version": 8,
  "update_timestamp": 1709955275949,
  "creation_timestamp": 1701859476721,
  "data_key": "level_data:2a0r12prnob1y78t7wqpn:1701853837:7",
  "description": "this map is not longer a preview",
  "creators": [
    "Dyght_light"
  ],
  "tags": [
    "ok"
  ],
  "verification_time": 8.67,
  "statistics": {
    "total_played": 1000,
    "difficulty": 0.23522167487684728,
    "liked": 0.9193548387096774,
    "time": 63.13807382198954
  },
  "images": {
    "full": {
      "key": "level_2a0r12prnob1y78t7wqpn_1701853837_2.png",
      "width": 1920,
      "height": 1080
    },
    "thumb": {
      "key": "level_2a0r12prnob1y78t7wqpn_1701853837_2_thumb.png",
      "width": 512,
      "height": 288
    }
  },
  "creator": "Dyght_light",
  "change": 0
}