{
  "identifier": "2ap0yu9y9g2lcvxbc5x3g:1700351014",
  "title": "Alexs Fun Automatic Slide",
  "complexity": 1236,
  "format_version": 8,
  "update_timestamp": 1704320903889,
  "creation_timestamp": 1700451706706,
  "data_key": "level_data:2ap0yu9y9g2lcvxbc5x3g:1700351014:4",
  "creators": [
    "Itz_Alwx"
  ],
  "tags": [
    "ok"
  ],
  "verification_time": 55.87,
  "statistics": {
    "total_played": 700,
    "difficulty": 0.5360281195079086,
    "liked": 0.6968325791855203,
    "time": 30.263934426229515
  },
  "images": {
    "full": {
      "key": "level_2ap0yu9y9g2lcvxbc5x3g_1700351014_7.png",
      "width": 1920,
      "height": 1080
    },
    "thumb": {
      "key": "level_2ap0yu9y9g2lcvxbc5x3g_1700351014_7_thumb.png",
      "width": 512,
      "height": 288
    }
  },
  "creator": "Itz_Alwx",
  "change": 0
}