{
  "identifier": "2aqj12racvbkdg8ge3ns9:1679760113",
  "title": "Mini Golf",
  "complexity": 1498,
  "format_version": 6,
  "update_timestamp": 1679866746018,
  "creation_timestamp": 1679866746018,
  "data_key": "level_data:2aqj12racvbkdg8ge3ns9:1679760113:1",
  "creators": [
    "coleaaron"
  ],
  "tags": [
    "ok"
  ],
  "statistics": {
    "total_played": 2700,
    "difficulty": 0.16093023255813954,
    "liked": 0.7537878787878788,
    "time": 18.38201549132949
  },
  "creator": "coleaaron",
  "change": 100
}