{
  "identifier": "2bojjyjkmhegoqt73au7m:1697854070",
  "title": "Sugar Rush Valley",
  "complexity": 874,
  "format_version": 7,
  "update_timestamp": 1699043346594,
  "creation_timestamp": 1697857420076,
  "data_key": "level_data:2bojjyjkmhegoqt73au7m:1697854070:2",
  "creators": [
    "FitArtist334071"
  ],
  "tags": [
    "ok"
  ],
  "statistics": {
    "total_played": 200,
    "difficulty": 0.021052631578947368,
    "liked": 1,
    "time": 51.59779999999999
  },
  "creator": "FitArtist334071"
}