{
  "identifier": "29slq6uzvn9g1vluq9xn1:1711951052",
  "title": "The Mossy Cave",
  "complexity": 1498,
  "format_version": 8,
  "update_timestamp": 1711955014775,
  "creation_timestamp": 1711955014775,
  "data_key": "level_data:29slq6uzvn9g1vluq9xn1:1711951052:1",
  "description": "A very very mossy cave",
  "creators": [
    "Killercucumber"
  ],
  "tags": [
    "ok"
  ],
  "verification_time": 49.07,
  "statistics": {
    "total_played": 400,
    "difficulty": 0.10991957104557641,
    "liked": 0.8571428571428571,
    "time": 87.64570487804882
  },
  "images": {
    "full": {
      "key": "level_29slq6uzvn9g1vluq9xn1_1711951052_1.png",
      "width": 1920,
      "height": 1080
    },
    "thumb": {
      "key": "level_29slq6uzvn9g1vluq9xn1_1711951052_1_thumb.png",
      "width": 512,
      "height": 288
    }
  },
  "creator": "Killercucumber",
  "change": 400
}