{"29xc83sott7wc21mlni58": [3049, "2THEzimms2", 200637.634663], "29sgp24f1uorbc6vq8d2k": [2466, "dotindex", 243873.25286550022], "2czbtyaqtbjo89sut7jqd": [2253, "Thezra325", 469640.1664000006], "29st9jdcbxxotp0t9d8en": [2114, "Mystery8281", 170949.1165238998], "29wvwcyosrr43a72at6m5": [1828, "Poggggg", 189420.91499999978], "29wytcje12nmxfatcofke": [1679, "BurningAlpaca", 145349.4816390003], "29ffxg2ijqxyrgxyy2vjj": [1602, "FROSTY_CROSS", 274121.5192800006], "2bojjyjkmhegoqt73au7m": [1486, "FitArtist334071", 272863.4745689999], "2b2plkhwfthpvqrtq90em": [1454, "Pack_VR", 165135.75932000024], "290oi9frh8eihrh1r5z0q": [1271, "Slin", 235536.04127000005], "29w20l59y1m2zkzhkojnu": [1244, "Mrs.Madlord", 176589.3088850001], "2c9uw1hmr8t6d32l50qha": [1242, "GVPikachu", 131796.38091200014], "2bgyhql8flu7rykokzr0l": [1149, "Glingust", 124491.22227400015], "2bl9jjc7y3wk79lt283xx": [1140, "EvildragonVR", 103317.65969400002], "29gxtryykgnblu5xvdip8": [1125, "Duckdabro", 100798.2800779999], "2bdgvs9mq43grmiabk1bk": [1118, "betterthanNskc7", 138378.83505999992], "2c1ac2ajubr0ftd3d0gsd": [1082, "Julian_fun", 171947.66809999984], "2a6ekr378kiwrrodjri7e": [1069, "YelloducVR", 208955.63279799995], "2b5f06beql4s712awjzd1": [1055, "oculus_crab07", 116751.47712400013], "2ao2wbj2hjofkofthq2vh": [1043, "tylerlion", 79394.67610700002], "2ap647di3dc1k42jf4o2o": [1034, "yO0hooVrrr", 86956.52345799991], "2bf8hyynuelajywj9k4n7": [984, "Polaris8477", 216152.93203699996], "2a8031alixx3u6tyu2a7k": [947, "iamaverag8", 189420.73754899992], "29rhk9gdy7iiza0k3tttk": [945, "Trap11190", 65418.09043699991], "2dlr78lrqstygz3nqf9af": [944, "juicyvrr", 75922.087853], "2bgic04fd2ogqdnfskf6m": [940, "RCD24", 50651.64707600002], "29srqtwaq08zzhp3kng3u": [924, "CoblerB1", 122062.41191999994], "2bkj2x1tozu1cwg34wcpt": [909, "8875rx", 82136.752377], "2a16lrhk70q0s94hkbdwz": [886, "BWLBuck", 150543.22936899983], "2bvy4htc1ihhkf23hxxce": [858, "BigDum", 75343.35649900007], "29rf0j9ksurlx1zybi2gm": [856, "Doge786", 133248.13497199997], "29id5ta7mb54j28tz6wfe": [834, "Convrist", 108794.36295000005], "2dqjmqd7mdzajznntketm": [811, "VanDoozerVR", 32463.79609000002], "2axkwzh6f43g1regf401p": [811, "OreO_GaminG", 67413.35365800002], "2ap0yu9y9g2lcvxbc5x3g": [792, "x.alwxx", 110204.73898999985], "29s8ukg906xmbviy554so": [785, "KleptoMiner", 101141.04323799995], "29nxcg0chi4uqcj7yk7f4": [785, "Insert.vr", 183887.30214400002], "2ao6urm519y3ttg54n20m": [770, "YLLF", 106024.82590699992], "2dgh7p452cx6x6sik64q0": [768, "Parkeeeee", 86476.91603400015], "2ak0ysv35egakgfilswpy": [760, "EBspark", 97244.1115099999], "2cmndb6aqd04eegbagxbo": [743, "vestria", 54376.861203], "2b7anf6j52v10xfy419nh": [716, "avocadoboy29", 187393.09957800005], "2a0r12prnob1y78t7wqpn": [715, "Dyght_light", 52215.813144999986], "2ahr07me5t3733z0ple9h": [705, "PA4TYVR", 66838.30329699996], "29qeyt8s1biu4e22e8653": [704, "brandonhamrick", 64189.34457999997], "2dgphzu61c0uxhiq1cych": [684, "JBord25", 83283.03408899996], "2agnws553se4jxb8sbnpo": [683, "vrshirleys", 125928.26990600006], "29rqdxks1jyqbrdnw6ggs": [678, "DeviIYT", 76020.51046900004], "29rkswgx13q8mej7mxdg6": [656, "AFT_Daring", 87082.55097209993], "2br3r3beexa8hy0yw4c6z": [651, "LlamaDramaBaIIs", 40118.793298], "2apqgju0ttomc3mztt3p6": [649, "Iegendary", 31847.291209000014], "29y5xtwiv6shb636vdb9c": [632, "SuperMeow10", 80951.86521000005], "2bmbn2tcbm89x9wv2idh1": [625, "Rockyraider", 146713.51206899987], "29uv38c0g6ybrxlaql9or": [620, "nolan8420", 56449.84013499999], "29zwujsnjq6iu1jqa4keo": [615, "levi8020", 73400.98797000002], "2cv2k0s9j3dp3rglfmblc": [602, "SuperBlueCheese", 49563.71561000006], "29px3pmrktk2sms8qmvqb": [595, "CokeDeee", 53120.095186999984], "2cpxurzwvw294smzl1100": [594, "Mr.PaintVR", 97461.686709], "29ezo6a90tadi40tflojy": [591, "fargoshark", 83798.38831000007], "2cse0rwhzexnleljzk7g3": [586, "JiggleTets", 115985.63305999996], "2bmmn2miw2opz93rsr4wf": [581, "Cernsberger", 86215.43040000006], "2dls2qc0ynohlh1h5hylb": [580, "chillyisu", 50247.40058899998], "29qv44zsn1bl7muilse95": [579, "Ryzx", 24902.269839999997], "2c7oqjunzn6dwy7rv6i96": [572, "Sneebles", 41717.15866000001], "29k763epg4asdivyctend": [570, "GRAY_820", 87141.00794000008], "2b98oapjfx05t5nq33xpp": [553, "crazysherman2", 40321.67986800003], "29z0nxar0nqsefbvvly4k": [537, "Neville_Tiger_Strike", 59688.28251999995], "29udv6q207r9ehlyn3zp1": [529, "Sherbear79", 22078.22347999999], "2bfvrc4s5i5o19uyevvrc": [527, "mboss007", 19442.549299999995], "2a09tvja9dic8lchjkata": [526, "Droplet___Gamer1226", 35689.24630999997], "2bs9a0kjj1uhssit33q3e": [503, "BernanaBread", 59749.30628799998], "2cj6360mb3vzq6m87idlc": [495, "BrantleyGamingVR", 39833.861555999996], "2be7njc2pvy2nbv7qlho1": [490, "gunnboy97", 108907.99010000013], "2blld08xnu1l7ymi7qgdk": [490, "breadgenix", 59356.251979999965], "29wqa67tov5nq1kmxsr2l": [490, "NewSynthesis", 42341.253479], "2d586to5iar5fmh8vlgi7": [489, "Thezra_sidekick", 57320.123829], "2c1aqs4qqftikofnp34sn": [489, "MindOfNeo14", 38799.783686000046], "2c0g0vag10vipkvj3jwq8": [481, "kozmic60", 57492.90793499999], "2bf5tjn2m3gdimm22z7w0": [481, "sillyboy_vr", 39720.173186999964], "2b7djrxoy32zfr0tx703g": [479, "FURRYTWO", 42202.88977], "2cxd9zf546ql6leybam6b": [478, "IAMLAPYST", 36640.160657999986], "29gmek2pnwqqx27g565hs": [477, "Standi", 78261.01910000003], "2crkdgbhacvirxsi3cswb": [475, "OtherWorldWeirdo", 51341.63206899998], "2dxijur2sv4g5xn5uzbti": [471, "MotherGooseof8", 75277.86460000007], "2bterl3ccauezuz1slu3y": [461, "phantomzombie.2023", 54940.54601999996], "2abebn7t4lq4ydl89oxje": [460, "FruitByTheFist", 60351.94589999996], "2c8yr1d2s5ohk9i9gm71i": [458, "Someone5K15", 62036.117920000004], "2a0lvcwp1mmrqwbzy9xkv": [454, "RadioIV", 66849.69558999996], "2bt1j9owykx3qrnr8ilbv": [453, "PNUT.73", 74234.17904000005], "2c0vvrzpz3uv0mp3n30r5": [452, "AysonBoi", 77083.16704000001], "2a0ww6psn1b42o4ziik88": [452, "Logicals_Silly", 102474.44401000011], "29yec0gze33pi66el8naw": [452, "LILYSSADWORLDD", 42128.58495999997], "2aer1ouapoy5r6fidnezr": [451, "AzimuthGT", 30625.149288000008], "2am015n3aa6sebl0p6923": [449, "rougueRunner", 43004.73587999996], "2afuqvj6q2wr8oupi6fiz": [443, "Epicotter", 52607.25836900002], "2b65xit4k32pv51wy9lea": [436, "fart.mp4", 21529.663019000007], "2c6pd8b8m94ew3i2z2ogw": [434, "11ForkVR11", 55276.831887999986], "2a2x6ld8bmv9k29y6yusw": [433, "DamondStrke", 46143.440897], "2c0lrcakw7ge2uyuuqfk3": [426, "Doodl3sss1512", 42097.97818999993], "2ajh3ta3oul1bb2sw66r5": [420, "freezeeduck", 35759.325820000005], "2cale1htizlwscwedg1r7": [418, "Light_Awlx", 35828.971597999975], "2aegug4x23jjnj2ehnjyl": [414, "Row_Studio", 33951.47772799996], "2by352xpt7xmb5mwieqjg": [408, "BurpingMusquito", 32976.525759000004], "2d0q9g52rhd4c8hsjasta": [406, "ok.hi.669981", 39024.52535600004], "2cryril20wvakeozbsknk": [405, "chickns", 40915.25989400001], "2b0an06iko4dlrx80hzts": [401, "trippie-kidd", 61331.61538999998], "2c8c2dxbutxt7bi26xwwf": [401, "V1de0", 49198.48217700001], "2c188radl030y7ztiyddp": [394, "turretvr", 60865.59413799997], "2c0r7qf181vgbcnxb3285": [394, "invert132", 53149.37360000001], "2anras2bvr6wtdrk2500r": [393, "kmastervr", 32291.640126999995], "2duuafxq8zlmhnf5ueqxg": [391, "pugpug_:D", 60721.099239999996], "29lmdv56fjch18bes1u2j": [390, "Caziggy", 71144.14716999994], "29zta0isiiyznub5g9xhd": [389, "TheGalaxyOfYoutube", 47751.28854999999], "2c3bqx3nez840cbp3hnub": [384, "100Volts", 41487.358983999984], "2ctxred9srmtrfk2eghwo": [384, "John.Satterstrom79", 38260.080627999996], "29j33v3pw6k19lyggvu6a": [382, "anbuvylax", 31151.797067000003], "2a33b1vaktmxzo9wiftam": [382, "ItsTrickyTrickyDicky", 29004.971230000006], "2dcdbrqnqeklqu8raa3sd": [379, "Itzz_Mythic", 10835.685468999995], "2ag433l3twx7riwlmg0h7": [379, "DevLudwig", 32365.855879000006], "2cft3y5vpwwbjj3m1zu7r": [375, "Watuprainb0w", 39019.07384700003], "2c52qodt76x8fn8o23su1": [375, "Oreo_on_vr", 21104.153488000007], "2awuwy1vfa7jyv67tyeli": [374, "Haspoop", 92256.39278899999],