{"29xc83sott7wc21mlni58": [2955, "13OliviA", 190867.2866330001], "29sgp24f1uorbc6vq8d2k": [2383, "dotindex", 243177.85306650033], "29st9jdcbxxotp0t9d8en": [1926, "Mystery8281", 157121.1806239001], "2czbtyaqtbjo89sut7jqd": [1887, "Thezra325", 392514.8243890007], "29wvwcyosrr43a72at6m5": [1843, "Poggggg", 188413.8206699998], "29ffxg2ijqxyrgxyy2vjj": [1529, "FROSTY_CROSS", 252812.7276200004], "2b2plkhwfthpvqrtq90em": [1455, "Pack_VR", 164395.08411000026], "290oi9frh8eihrh1r5z0q": [1272, "Slin", 229435.01747000014], "2bojjyjkmhegoqt73au7m": [1270, "FitArtist334071", 247262.38673899986], "2bdgvs9mq43grmiabk1bk": [1113, "betterthanNskc7", 136518.6622699999], "2bl9jjc7y3wk79lt283xx": [1093, "EvildragonVR", 93979.05536000009], "2a6ekr378kiwrrodjri7e": [1084, "YelloducVR", 205049.36890799997], "29gxtryykgnblu5xvdip8": [1068, "Duckdabro", 92105.56171799987], "2b5f06beql4s712awjzd1": [1064, "oculus_crab07", 116950.0263340001], "2a8031alixx3u6tyu2a7k": [947, "iamaverag8", 186919.2025389999], "29srqtwaq08zzhp3kng3u": [925, "CoblerB1", 96212.1910400001], "2ao2wbj2hjofkofthq2vh": [923, "tylerlion", 65241.88992599997], "2ap647di3dc1k42jf4o2o": [921, "yO0hooVrrr", 71127.72225799992], "29rhk9gdy7iiza0k3tttk": [902, "Trap11190", 62041.474027999946], "2c9uw1hmr8t6d32l50qha": [897, "GVPikachu", 88650.75255200002], "2a16lrhk70q0s94hkbdwz": [896, "BWLBuck", 150600.94356899985], "29w20l59y1m2zkzhkojnu": [887, "Mrs.Madlord", 139628.207837], "2bgyhql8flu7rykokzr0l": [864, "Glingust", 91625.36236400009], "29id5ta7mb54j28tz6wfe": [819, "Convrist", 105027.39577000008], "2axkwzh6f43g1regf401p": [819, "dannyfreshman", 68309.21969800003], "2bkj2x1tozu1cwg34wcpt": [808, "8875rx", 72311.74745800004], "2bf8hyynuelajywj9k4n7": [799, "Polaris8477", 180675.3641670001], "2ap0yu9y9g2lcvxbc5x3g": [770, "x.alwxx", 103728.19885999986], "2bvy4htc1ihhkf23hxxce": [747, "BigDum", 68021.13901800003], "2a0r12prnob1y78t7wqpn": [727, "Dyght_light", 52662.215834999995], "2ak0ysv35egakgfilswpy": [724, "EBspark", 92742.38224999991], "29nxcg0chi4uqcj7yk7f4": [723, "KEN__CARS0N", 174744.82489599995], "29qeyt8s1biu4e22e8653": [720, "brandonhamrick", 65946.84697999993], "29rqdxks1jyqbrdnw6ggs": [690, "DevilTheTagger", 77562.48146400005], "29rkswgx13q8mej7mxdg6": [675, "AFT_Daring", 88129.15463309993], "2apqgju0ttomc3mztt3p6": [665, "Iegendary", 32263.17832900002], "29y5xtwiv6shb636vdb9c": [641, "SuperMeow10", 82225.20599000003], "2c1ac2ajubr0ftd3d0gsd": [606, "Julian_fun", 114094.59831999998], "29px3pmrktk2sms8qmvqb": [601, "CokeDeeee", 53317.40381699998], "2c7oqjunzn6dwy7rv6i96": [599, "HYBR1D", 42798.12566000001], "29s8ukg906xmbviy554so": [596, "KleptoMiner", 82372.42494], "29qv44zsn1bl7muilse95": [594, "Ryzx", 25235.204950000003], "29rf0j9ksurlx1zybi2gm": [592, "Doge786", 116706.76622300006], "29uv38c0g6ybrxlaql9or": [592, "nolan8420", 54644.84145399998], "29wytcje12nmxfatcofke": [586, "BurningAlpaca", 88046.35711300005], "2bmmn2miw2opz93rsr4wf": [585, "Cernsberger", 86606.47680000005], "29k763epg4asdivyctend": [582, "GRAY_820", 88066.7275800001], "29ezo6a90tadi40tflojy": [579, "fargoshark", 79795.19993000002], "2cv2k0s9j3dp3rglfmblc": [569, "SuperBlueCheese", 45678.70956000003], "2br3r3beexa8hy0yw4c6z": [556, "Llamaiabad_m8", 36405.30411899997], "2b7anf6j52v10xfy419nh": [554, "avocadoboy29", 156585.31158900008], "2b98oapjfx05t5nq33xpp": [552, "crazysherman2", 38683.19116800002], "2agnws553se4jxb8sbnpo": [548, "vrshirleys", 112497.32744700009], "2ao6urm519y3ttg54n20m": [544, "YLLF", 63016.99652800004], "2cmndb6aqd04eegbagxbo": [543, "vestria", 37875.53607500001], "29udv6q207r9ehlyn3zp1": [537, "Sherbear79", 22405.36627999999], "2a09tvja9dic8lchjkata": [535, "Droplet___Gamer1226", 35855.360479999974], "2cse0rwhzexnleljzk7g3": [513, "JiggleTets", 88019.10807999998], "2blld08xnu1l7ymi7qgdk": [507, "breadgenix", 61045.76807999997], "2bmbn2tcbm89x9wv2idh1": [505, "Rockyraider", 125270.33806899989], "29zwujsnjq6iu1jqa4keo": [505, "levi8020", 64837.694099999935], "2c1aqs4qqftikofnp34sn": [501, "DUCK.l0v3r", 39344.812296000026], "29wqa67tov5nq1kmxsr2l": [498, "NewSynthesis", 43622.949908999995], "2b7djrxoy32zfr0tx703g": [493, "FURRYTWO", 42905.297230000004], "29z0nxar0nqsefbvvly4k": [490, "Neville_Tiger_Strike", 54904.54491999995], "2cpxurzwvw294smzl1100": [487, "Mr.PaintVR", 83671.68289899999], "2bf5tjn2m3gdimm22z7w0": [479, "sillyboy_vr", 38307.09158699997], "2abebn7t4lq4ydl89oxje": [476, "FruitByTheFist", 63072.655409999956], "2bterl3ccauezuz1slu3y": [468, "phantomzombie.2023", 55624.791919999945], "29yec0gze33pi66el8naw": [465, "LILYSSADWORLDD", 43143.601239999974], "2aer1ouapoy5r6fidnezr": [458, "AzimuthGT", 30944.81991800001], "2am015n3aa6sebl0p6923": [455, "rougueRunner", 43000.38701999995], "2a2x6ld8bmv9k29y6yusw": [445, "DamondStrke", 47219.30769699998], "2bt1j9owykx3qrnr8ilbv": [442, "PNUT.73", 69601.39070000003], "2be7njc2pvy2nbv7qlho1": [442, "gunnboy97", 63410.95144999999], "2a0ww6psn1b42o4ziik88": [437, "logical.on.yt", 93326.59962000008], "2ajh3ta3oul1bb2sw66r5": [429, "freezeeduck", 36257.82717700001], "2cryril20wvakeozbsknk": [428, "Doge785", 41711.31622400002], "2d0q9g52rhd4c8hsjasta": [415, "ok.hi.669981", 39089.934916000035], "2c0vvrzpz3uv0mp3n30r5": [412, "AysonBoi", 71496.00953000001], "2cale1htizlwscwedg1r7": [411, "PoisonVR2024", 32620.551187999983], "29zta0isiiyznub5g9xhd": [405, "TheGalaxyOfYoutube", 48390.80984999998], "2ahr07me5t3733z0ple9h": [403, "PA4TYVR", 32742.873306999983], "2c0r7qf181vgbcnxb3285": [402, "invert132", 52887.78597000002], "29gmek2pnwqqx27g565hs": [400, "Stand.i", 68347.89112999999], "2cj6360mb3vzq6m87idlc": [400, "BrantleyIsBetter", 28549.465458000024], "29lmdv56fjch18bes1u2j": [396, "Caziggy", 74613.61345999994], "2c0lrcakw7ge2uyuuqfk3": [395, "Doodl3sss1512", 40951.388289999966], "2bs9a0kjj1uhssit33q3e": [395, "BernanaBread", 43735.59114799994], "2a0lvcwp1mmrqwbzy9xkv": [394, "RadioIV", 56919.60586999997], "2a33b1vaktmxzo9wiftam": [393, "ItsTrickyTrickyDicky", 29723.009630000004], "2dgh7p452cx6x6sik64q0": [388, "Parkeeeee", 41278.84620399998], "2c52qodt76x8fn8o23su1": [383, "Oreo_on_vr", 21275.457177000004], "2b65xit4k32pv51wy9lea": [382, "fart.mp4", 18770.33343], "2b0an06iko4dlrx80hzts": [378, "trippie-kidd", 64706.529699999985], "29ztff7purjtla0n4ake9": [376, "LightsOut345", 40817.313550000006], "2ag433l3twx7riwlmg0h7": [375, "RadioOtter", 30853.56656900001], "2c265k7puq5nt7i4vqmyu": [372, "Rlfty.vr", 35272.89593000002], "2aw06b0if6j71h3ukt2ir": [371, "Masterpay", 54999.560949999985], "2c8c2dxbutxt7bi26xwwf": [370, "V1de0", 39517.14748699997], "2blgd8unf5ztm9e6b6e8m": [362, "Hargrav3", 33570.49902400003], "29qt9i4e2th1db3i02aqm": [362, "OtterBoy.XD", 41840.49001900003], "29mu59yo9pbgwqloqhthe": [361, "littlebeastM8", 57744.31274999993], "29rbyudpcet6wdy3iidd4": [358, "TLTT", 72660.7769489999], "2b6xz7gf4az5gx4nxfyk0": [357, "Frevr", 37525.23295], "2ae5dh3d11sasaq41z1fc": [353, "ZURRR_111", 25989.88271999999], "2b73bdanhzp2gmr41m283": [349, "TronisRobot", 69408.77318800006], "2bh834iroevzddjs5reyc": [347, "DespicsbleTree", 27429.386160000002], "29j5kd62qrg5797wiiwpx": [346, "Nash_human", 35439.09383], "2c0g0vag10vipkvj3jwq8": [345, "kozmic60", 48762.205975999954], "2ctxred9srmtrfk2eghwo": [344, "John.Satterstrom79", 35587.928118], "29v9vd6n9z45d16mi2o2n": [344, "JeffBobDude", 48284.71245999999], "2bi209d7xu74t28akck0f": [342, "BRICHAGA", 38589.41627000003], "2bkjejfjfpk62f85u6b7o": [342, "lavvyvr", 30196.088627000005], "2b4n1vl3nhjt4d3ognob5": [342, "TheBizzorst", 35239.36000799999], "2c0jd4vvao1gicgwtbgp1": [340, "muffin3553857", 39695.025976999976], "2c6pd8b8m94ew3i2z2ogw": [338, "1ForkVR1", 40760.10773799996], "29qv0sdmg8m5y3lpdt05w": [337, "MrPiglett", 29258.872820000004], "2a3do6ykbb3oogw62idpu": [336, "ShawboiZ", 31714.282989000003], "2c188radl030y7ztiyddp": [334, "turretvr", 47313.53556799999], "29prp534vnw8llkf0v0qm": [334, "FVRG", 43058.07257999995], "29j33v3pw6k19lyggvu6a": [332, "anbuvylax", 19130.62668800002],