{"29xc83sott7wc21mlni58": [3111, "2THEzimms2", 204394.238183], "29sgp24f1uorbc6vq8d2k": [2466, "dotindex", 244231.38296550026], "2czbtyaqtbjo89sut7jqd": [2400, "Thezra325", 490687.34012000053], "29st9jdcbxxotp0t9d8en": [2121, "Mystery8281", 171546.63412389986], "29wvwcyosrr43a72at6m5": [1827, "Poggggg", 189419.06399999978], "29wytcje12nmxfatcofke": [1680, "BurningAlpaca", 145073.23463900026], "29ffxg2ijqxyrgxyy2vjj": [1599, "FROSTY_CROSS", 271452.03628000047], "2bojjyjkmhegoqt73au7m": [1505, "FitArtist334071", 272884.35182899993], "2b2plkhwfthpvqrtq90em": [1455, "Pack_VR", 165862.39244000026], "2c9uw1hmr8t6d32l50qha": [1313, "GVPikachu", 139029.81743200013], "29w20l59y1m2zkzhkojnu": [1306, "Mrs.Madlord", 179657.98558500005], "290oi9frh8eihrh1r5z0q": [1286, "Slin", 238759.40997000004], "2bgic04fd2ogqdnfskf6m": [1175, "RCD24", 59800.09231100012], "29gxtryykgnblu5xvdip8": [1172, "Duckdabro", 104101.61415799984], "2bgyhql8flu7rykokzr0l": [1154, "Glingust", 124699.75416400014], "2bl9jjc7y3wk79lt283xx": [1154, "EvildragonVR", 104992.91981400002], "2c1ac2ajubr0ftd3d0gsd": [1148, "Julian_fun", 177019.2984099998], "2bdgvs9mq43grmiabk1bk": [1119, "betterthanNskc7", 138381.60505999994], "2b5f06beql4s712awjzd1": [1076, "oculus_crab07", 122102.08392400012], "2a6ekr378kiwrrodjri7e": [1069, "YelloducVR", 209639.45079799995], "2ao2wbj2hjofkofthq2vh": [1042, "tylerlion", 79308.58400700001], "2ap647di3dc1k42jf4o2o": [1037, "yO0hooVrrr", 89451.81402799995], "2bf8hyynuelajywj9k4n7": [1019, "Polaris8477", 221567.79511699986], "2dlr78lrqstygz3nqf9af": [969, "juicyvrr", 78188.86106300003], "2dqjmqd7mdzajznntketm": [963, "VanDoozerVR", 38363.06154699999], "2bkj2x1tozu1cwg34wcpt": [949, "8875rx", 84255.12695700004], "2a8031alixx3u6tyu2a7k": [946, "iamaverag8", 189722.86064899992], "29rhk9gdy7iiza0k3tttk": [942, "Trap11190", 65374.071486999914], "29srqtwaq08zzhp3kng3u": [923, "CoblerB1", 122035.64511999994], "29rf0j9ksurlx1zybi2gm": [919, "Doge786", 141867.97143200002], "2bvy4htc1ihhkf23hxxce": [916, "BigDum", 82817.22902900007], "2a16lrhk70q0s94hkbdwz": [882, "BWLBuck", 150333.25107899983], "29id5ta7mb54j28tz6wfe": [834, "Convrist", 108794.36295000005], "2axkwzh6f43g1regf401p": [811, "OreO_GaminG", 67413.35365800002], "2ao6urm519y3ttg54n20m": [806, "YLLF", 114927.22960699984], "29s8ukg906xmbviy554so": [800, "KleptoMiner", 102135.21549799993], "2ap0yu9y9g2lcvxbc5x3g": [798, "alwxxx", 110959.61637999986], "29nxcg0chi4uqcj7yk7f4": [787, "Insert.vr", 184241.415334], "2dgh7p452cx6x6sik64q0": [783, "Parkeeeee", 86356.23391400017], "2cmndb6aqd04eegbagxbo": [770, "vestria", 56317.001923], "2dgphzu61c0uxhiq1cych": [766, "JBord25", 94884.686748], "2ak0ysv35egakgfilswpy": [761, "EBspark", 97460.08700999993], "2b7anf6j52v10xfy419nh": [740, "avocadoboy29", 191929.83873800008], "2ahr07me5t3733z0ple9h": [723, "PA4TYINTHEUSA", 68166.119047], "2a0r12prnob1y78t7wqpn": [715, "Dyght_light", 52215.813144999986], "29qeyt8s1biu4e22e8653": [702, "brandonhamrick", 63926.828579999965], "2agnws553se4jxb8sbnpo": [683, "vrshirleys", 126379.14886600006], "29rqdxks1jyqbrdnw6ggs": [678, "CYDIGI3", 76023.90147900005], "2br3r3beexa8hy0yw4c6z": [676, "LlamaDramaBaIIs", 41272.63750699998], "2dls2qc0ynohlh1h5hylb": [672, "chillyisu", 61056.74306800002], "29rkswgx13q8mej7mxdg6": [656, "AFT_Daring", 87082.55097209994], "2apqgju0ttomc3mztt3p6": [649, "Iegendary", 31847.291209000014], "29uv38c0g6ybrxlaql9or": [637, "nolan8420", 57437.35085499999], "2bmbn2tcbm89x9wv2idh1": [634, "Rockyraider", 148203.6110189999], "29y5xtwiv6shb636vdb9c": [632, "SuperMeow10", 80951.86521000005], "2cv2k0s9j3dp3rglfmblc": [625, "SuperBlueCheese", 52231.401120000075], "29zwujsnjq6iu1jqa4keo": [620, "levi8020", 73193.38274000002], "2cpxurzwvw294smzl1100": [609, "Mr.PaintVR", 101967.236359], "29px3pmrktk2sms8qmvqb": [595, "CokeDeee", 53120.095186999984], "29ezo6a90tadi40tflojy": [588, "fargoshark", 84063.48378000007], "2cse0rwhzexnleljzk7g3": [586, "JiggleTets", 118591.28025999997], "2bmmn2miw2opz93rsr4wf": [578, "Cernsberger", 86070.17330000004], "29qv44zsn1bl7muilse95": [577, "Ryzx", 24751.182839999998], "2c7oqjunzn6dwy7rv6i96": [571, "Sneebles", 41695.388860000014], "29k763epg4asdivyctend": [570, "GRAY_820", 87141.00794000008], "2dgxy8rfpmr0yvu3hynno": [553, "kjrj1", 69808.24343600006], "2b98oapjfx05t5nq33xpp": [551, "crazysherman2", 40260.70166800003], "29z0nxar0nqsefbvvly4k": [536, "Neville_Tiger_Strike", 59642.87951999995], "2d586to5iar5fmh8vlgi7": [533, "Thezra_sidekick", 65176.515258], "29udv6q207r9ehlyn3zp1": [528, "Sherbear79", 22035.982479999995], "2a09tvja9dic8lchjkata": [525, "Droplet___Gamer1226", 35645.58830999997], "2bfvrc4s5i5o19uyevvrc": [524, "mboss007", 19380.531199999994], "2bs9a0kjj1uhssit33q3e": [510, "BernanaBread", 61311.503188], "29gmek2pnwqqx27g565hs": [502, "Standi", 80544.74344000005], "2crkdgbhacvirxsi3cswb": [495, "OtherWorldWeirdo", 53027.69682899999], "2afuqvj6q2wr8oupi6fiz": [494, "Epicotter", 67364.488809], "2cj6360mb3vzq6m87idlc": [494, "BrantleyGamingVR", 39816.297655999995], "2be7njc2pvy2nbv7qlho1": [492, "gunnboy97", 109467.70160000013], "2blld08xnu1l7ymi7qgdk": [490, "breadgenix", 59356.251979999965], "29wqa67tov5nq1kmxsr2l": [489, "synthesisdash", 42459.773178999996], "2c1aqs4qqftikofnp34sn": [487, "MindOfNeo14", 38217.67968600005], "2bf5tjn2m3gdimm22z7w0": [484, "sillyboy_vr", 40266.34517699996], "2c0g0vag10vipkvj3jwq8": [482, "kozmic60", 57596.76131499998], "2cxd9zf546ql6leybam6b": [479, "jake4831", 36620.761557999984], "2b7djrxoy32zfr0tx703g": [477, "FURRYTWO", 42147.779350000004], "2c8yr1d2s5ohk9i9gm71i": [473, "Someone5K15", 63236.08181], "2by352xpt7xmb5mwieqjg": [471, "BurpingMusquito", 36713.17650999999], "2dxijur2sv4g5xn5uzbti": [466, "MotherGooseof8", 74649.11950000007], "2bterl3ccauezuz1slu3y": [460, "phantomzombie.2023", 54879.58002999995], "2abebn7t4lq4ydl89oxje": [458, "FruitByTheFist", 60284.329979999966], "2c0vvrzpz3uv0mp3n30r5": [457, "AysonBoi", 78615.31904], "2a0lvcwp1mmrqwbzy9xkv": [454, "RadioIV", 66849.69558999996], "2bt1j9owykx3qrnr8ilbv": [452, "PNUT.73", 73594.66134000005], "2duuafxq8zlmhnf5ueqxg": [451, "pugpug_:D", 65819.10044000002], "29yec0gze33pi66el8naw": [451, "LILYSSADWORLDD", 42100.98595999997], "2b65xit4k32pv51wy9lea": [450, "dumb1777", 21822.438779000007], "2aer1ouapoy5r6fidnezr": [450, "AzimuthGT", 30585.08838800001], "2am015n3aa6sebl0p6923": [449, "rougueRunner", 43004.73587999996], "2a0ww6psn1b42o4ziik88": [448, "Logicals_Silly", 97945.4199100001], "2c6pd8b8m94ew3i2z2ogw": [445, "11ForkVR11", 51088.01608799995], "2aegug4x23jjnj2ehnjyl": [439, "D_Wr", 36115.666036999966], "2a2x6ld8bmv9k29y6yusw": [436, "DamondStrke", 46580.271487], "2dehwyc1xakr1d769mgvr": [428, "FatGuyOnBike", 159011.3786], "2cale1htizlwscwedg1r7": [427, "Light_Awlx", 36713.800837999974], "2c0lrcakw7ge2uyuuqfk3": [422, "Doodl3sss1512", 42004.309989999936], "2c188radl030y7ztiyddp": [421, "turretvr", 63961.82072799997], "2dlxpt3dsbdms4m7fwqdd": [420, "hillbilly07928", 41641.997466], "2ajh3ta3oul1bb2sw66r5": [420, "freezeeduck", 35759.325820000005], "29j33v3pw6k19lyggvu6a": [415, "anbuvylax", 33589.611545999986], "2d0q9g52rhd4c8hsjasta": [405, "ok.hi.669981", 39021.653356000046], "2cryril20wvakeozbsknk": [404, "chickns", 40932.356094000024], "2b0an06iko4dlrx80hzts": [404, "trippie-kidd", 61670.038289999975], "2c3bqx3nez840cbp3hnub": [401, "100Volts", 41288.878383999974], "2dcdbrqnqeklqu8raa3sd": [400, "Itzz_Mythic", 11256.135148999989], "2anras2bvr6wtdrk2500r": [398, "kmastervr", 32378.132126999993], "2c8c2dxbutxt7bi26xwwf": [398, "V1de0", 48762.96507700001], "29pbevktpbf66hh0bqhcy": [395, "BLIZZYwon1", 35449.300216999996], "2c0r7qf181vgbcnxb3285": [393, "invert132", 53000.10690000001], "2ctxred9srmtrfk2eghwo": [392, "John.Satterstrom79", 38446.95572799999], "2cft3y5vpwwbjj3m1zu7r": [390, "Watuprainb0w", 40571.948437], "29lmdv56fjch18bes1u2j": [390, "Caziggy", 71144.14716999994], "2avkzdcw9mb5eb80bremk": [386, "pumpkinking27", 66682.07710899996],