{"29xc83sott7wc21mlni58": [2902, "13OliviA", 188413.14461300022], "29sgp24f1uorbc6vq8d2k": [2380, "dotindex", 242541.7371665004], "29st9jdcbxxotp0t9d8en": [1882, "Mystery8281", 154351.42781389994], "29wvwcyosrr43a72at6m5": [1833, "Poggggg", 189924.1788199998], "2czbtyaqtbjo89sut7jqd": [1828, "Thezra325", 371731.8573400006], "29ffxg2ijqxyrgxyy2vjj": [1494, "FROSTY_CROSS", 246722.88198000035], "2b2plkhwfthpvqrtq90em": [1433, "Pack_VR", 162248.56952000028], "290oi9frh8eihrh1r5z0q": [1272, "Slin", 227181.22157000017], "2bojjyjkmhegoqt73au7m": [1165, "FitArtist334071", 241049.5047399998], "2bdgvs9mq43grmiabk1bk": [1116, "draculaflo", 136556.0751699999], "2bl9jjc7y3wk79lt283xx": [1088, "EvildragonVR", 91230.87885000014], "2a6ekr378kiwrrodjri7e": [1084, "YelloducVR", 205180.46396799997], "2b5f06beql4s712awjzd1": [1059, "oculus_crab07", 116504.41167500007], "29gxtryykgnblu5xvdip8": [1033, "Duckdabro", 86522.95018799987], "2a8031alixx3u6tyu2a7k": [948, "iamaverag8", 186952.2065389999], "2ao2wbj2hjofkofthq2vh": [928, "tylerlion", 65592.96832599997], "29srqtwaq08zzhp3kng3u": [923, "CoblerB1", 96619.86060000012], "29rhk9gdy7iiza0k3tttk": [895, "Trap11190", 61663.862877999934], "2a16lrhk70q0s94hkbdwz": [884, "BWLBuck", 150464.18026899983], "29w20l59y1m2zkzhkojnu": [882, "Mrs.Madlord", 138737.21863699995], "2ap647di3dc1k42jf4o2o": [846, "yO0hooVrrr", 66783.47208899999], "2bgyhql8flu7rykokzr0l": [841, "Glingust", 89105.60723500006], "2c9uw1hmr8t6d32l50qha": [834, "GVPikachu", 84816.22983200001], "2axkwzh6f43g1regf401p": [820, "dannyfreshman", 68394.96639800005], "29id5ta7mb54j28tz6wfe": [811, "Convrist", 104517.67701000007], "2bkj2x1tozu1cwg34wcpt": [791, "8875rx", 70530.304508], "2bf8hyynuelajywj9k4n7": [773, "Polaris8477", 170226.8757670002], "2ap0yu9y9g2lcvxbc5x3g": [751, "dawn.qt", 101371.87506999986], "2a0r12prnob1y78t7wqpn": [731, "Dyght_light", 52951.847134999996], "2bvy4htc1ihhkf23hxxce": [728, "BigDum", 65167.04432800001], "2ak0ysv35egakgfilswpy": [725, "EBspark", 93155.8045499999], "29nxcg0chi4uqcj7yk7f4": [725, "KEN__CARS0N", 174334.56279599998], "29qeyt8s1biu4e22e8653": [720, "brandonhamrick", 65370.34534999996], "29rqdxks1jyqbrdnw6ggs": [695, "DevilTheTagger", 77938.49816400003], "29rkswgx13q8mej7mxdg6": [674, "AFT_Daring", 87850.90863309993], "2apqgju0ttomc3mztt3p6": [667, "Iegendary", 32352.74152900002], "29y5xtwiv6shb636vdb9c": [640, "SuperMeow10", 82212.87143000003], "2c7oqjunzn6dwy7rv6i96": [608, "HYBR1D", 43325.11136000002], "29px3pmrktk2sms8qmvqb": [602, "CokeDeeee", 53341.85161699998], "29qv44zsn1bl7muilse95": [594, "Ryzx", 25235.204950000007], "2bmmn2miw2opz93rsr4wf": [587, "Cernsberger", 86705.12410000006], "29uv38c0g6ybrxlaql9or": [583, "nolan8420", 53713.424723999975], "29k763epg4asdivyctend": [583, "GRAY_820", 88164.1582800001], "29ezo6a90tadi40tflojy": [578, "fargoshark", 79643.28893000001], "2br3r3beexa8hy0yw4c6z": [559, "Llamaiabad_m8", 36451.37291899997], "2cv2k0s9j3dp3rglfmblc": [556, "SuperBlueCheese", 44061.30620000003], "2b98oapjfx05t5nq33xpp": [550, "crazysherman2", 38220.159868000024], "29rf0j9ksurlx1zybi2gm": [544, "Doge786", 110513.61222400007], "2c1ac2ajubr0ftd3d0gsd": [543, "Julian_fun", 103353.59457999998], "29s8ukg906xmbviy554so": [543, "KleptoMiner", 79581.02698000002], "29udv6q207r9ehlyn3zp1": [538, "Sherbear79", 22409.728279999992], "2a09tvja9dic8lchjkata": [536, "Droplet___Gamer1226", 35931.698279999975], "2cmndb6aqd04eegbagxbo": [526, "vestria", 36557.92178500001], "2b7anf6j52v10xfy419nh": [525, "avocadoboy29", 150952.52668900008], "2blld08xnu1l7ymi7qgdk": [507, "breadgenix", 61045.76807999997], "2c1aqs4qqftikofnp34sn": [503, "DUCK.l0v3r", 39078.63629600003], "29zwujsnjq6iu1jqa4keo": [499, "levi8020", 63235.140499999936], "29wqa67tov5nq1kmxsr2l": [497, "NewSynthesis", 43575.624809], "2cse0rwhzexnleljzk7g3": [496, "JiggleTets", 85708.85837999999], "2b7djrxoy32zfr0tx703g": [493, "FURRYTWO", 42835.92703], "2cpxurzwvw294smzl1100": [492, "Mr.PaintVR", 84390.78349899998], "2ao6urm519y3ttg54n20m": [488, "YLLF", 48128.925838000025], "2bf5tjn2m3gdimm22z7w0": [480, "sillyboy69420", 38737.317186999964], "2abebn7t4lq4ydl89oxje": [474, "FruitByTheFist", 62134.24339999996], "2bterl3ccauezuz1slu3y": [470, "phantomzombie.2023", 55703.98991999995], "29yec0gze33pi66el8naw": [469, "LILYSSADWORLDD", 43359.60533999997], "2bmbn2tcbm89x9wv2idh1": [468, "Rockyraider", 118752.44766899993], "29z0nxar0nqsefbvvly4k": [459, "Neville_Tiger_Strike", 52266.985919999956], "2agnws553se4jxb8sbnpo": [459, "vrshirleys", 86450.31621000005], "2aer1ouapoy5r6fidnezr": [457, "AzimuthGT", 30912.128118000008], "2am015n3aa6sebl0p6923": [449, "rougueRunner", 42402.46731999996], "2a2x6ld8bmv9k29y6yusw": [445, "DamondStrke", 47219.30769699998], "2a0ww6psn1b42o4ziik88": [437, "logical.on.yt", 93314.52991000007], "2be7njc2pvy2nbv7qlho1": [434, "gunnboy97", 62367.733250000005], "2bt1j9owykx3qrnr8ilbv": [431, "PNUT.73", 66652.68805000004], "2cryril20wvakeozbsknk": [431, "Doge785", 41810.629324000016], "2ajh3ta3oul1bb2sw66r5": [431, "freezeeduck", 36311.93337700001], "2d0q9g52rhd4c8hsjasta": [421, "ok.hi.669981", 39239.850516000035], "2cale1htizlwscwedg1r7": [417, "PoisonVR2024", 32964.96657799998], "2c0vvrzpz3uv0mp3n30r5": [407, "AysonBoi", 70453.67821999999], "29zta0isiiyznub5g9xhd": [407, "TheGalaxyOfYoutube", 48466.37784999998], "2c0r7qf181vgbcnxb3285": [406, "invert132", 53173.19557000002], "2bs9a0kjj1uhssit33q3e": [396, "BernanaBread", 43449.028347999934], "29lmdv56fjch18bes1u2j": [395, "Caziggy", 74405.48645999993], "2a33b1vaktmxzo9wiftam": [394, "ItsTrickyTrickyDicky", 29780.283130000003], "2cj6360mb3vzq6m87idlc": [394, "BrantleyIsBetter", 28308.087258000025], "29gmek2pnwqqx27g565hs": [392, "Stand.i", 67899.91832999999], "2c52qodt76x8fn8o23su1": [386, "Oreo_on_vr", 21320.751077000008], "29ztff7purjtla0n4ake9": [379, "LightsOut345", 41308.49038], "2aw06b0if6j71h3ukt2ir": [375, "Masterpay", 55320.247849999985], "2c265k7puq5nt7i4vqmyu": [374, "Rlfty.vr", 35308.830730000016], "29qt9i4e2th1db3i02aqm": [364, "OtterBoy.XD", 42016.28901900003], "29mu59yo9pbgwqloqhthe": [361, "littlebeastM8", 57825.52304999993], "29rbyudpcet6wdy3iidd4": [359, "TLTT", 72740.23124899989], "2c0lrcakw7ge2uyuuqfk3": [358, "Doodl3sss1512", 38518.48366999998], "2b0an06iko4dlrx80hzts": [358, "trippie-kidd", 52130.044799999974], "2blgd8unf5ztm9e6b6e8m": [358, "Hargrav3", 35253.96354400001], "2b6xz7gf4az5gx4nxfyk0": [357, "Frevr", 37525.23295], "2ae5dh3d11sasaq41z1fc": [353, "ZURRR_111", 25989.88271999999], "29j5kd62qrg5797wiiwpx": [352, "Nash_human", 36193.28912], "2b73bdanhzp2gmr41m283": [350, "TronisRobot", 69480.34788800006], "2b65xit4k32pv51wy9lea": [349, "fart.mp4", 17220.270079999995], "2bh834iroevzddjs5reyc": [348, "DespicsbleTree", 27492.37206], "2b4n1vl3nhjt4d3ognob5": [345, "TheBizzorst", 35269.46890799999], "2bkjejfjfpk62f85u6b7o": [342, "lavvyvr", 30578.34042800001], "29qv0sdmg8m5y3lpdt05w": [342, "MrPiglett", 29482.076420000005], "2a3do6ykbb3oogw62idpu": [338, "ShawboiZ", 31858.211989000003], "2baydbvctvw597zvmx6ry": [337, "TrashPandas103112", 57517.40473999997], "29v9vd6n9z45d16mi2o2n": [336, "JeffBobDude", 47039.623960000004], "2c8c2dxbutxt7bi26xwwf": [335, "V1de0", 37638.04223699997], "29j33v3pw6k19lyggvu6a": [335, "anbuvylax", 19607.658889000017], "2a0lvcwp1mmrqwbzy9xkv": [334, "RadioIV", 32399.178420000007], "2bi209d7xu74t28akck0f": [331, "BRICHAGA", 35428.20746999999], "2c188radl030y7ztiyddp": [330, "turretvr", 47431.07816799999], "29prp534vnw8llkf0v0qm": [329, "FVRG", 43821.26989999995], "2aejscunjtm5ktmn0lh0w": [329, "LowkeyVrPro", 15403.179472999987], "2c0g0vag10vipkvj3jwq8": [324, "K_0_Z_M_I_C_6_O", 43014.104385999955], "2a7dpr68r014rdkz6927a": [324, "Auran_Simia", 79042.05066000002], "2c0jd4vvao1gicgwtbgp1": [323, "muffin3553857", 37632.52178799999], "29wytcje12nmxfatcofke": [323, "BurningAlpaca", 67522.54677900001], "2bvinw4iom3jiyo68esbo": [322, "Darx", 40320.31524000001], "2aov1sx3zs20px13i5weq": [322, "DRAZ56", 46489.922269999974],