{"29xc83sott7wc21mlni58": [2979, "13OliviA", 192650.30179400006], "29sgp24f1uorbc6vq8d2k": [2383, "dotindex", 242992.03767650036], "29st9jdcbxxotp0t9d8en": [2050, "Mystery8281", 163868.13546389987], "2czbtyaqtbjo89sut7jqd": [1981, "Thezra325", 406122.45887800073], "29wvwcyosrr43a72at6m5": [1838, "Poggggg", 187991.45107999982], "29ffxg2ijqxyrgxyy2vjj": [1559, "FROSTY_CROSS", 259333.06692000033], "2b2plkhwfthpvqrtq90em": [1457, "Pack_VR", 164404.47259000028], "2bojjyjkmhegoqt73au7m": [1286, "FitArtist334071", 254508.29902899987], "290oi9frh8eihrh1r5z0q": [1275, "Slin", 229953.72697000016], "2bdgvs9mq43grmiabk1bk": [1125, "betterthanNskc7", 137454.44352999993], "2bl9jjc7y3wk79lt283xx": [1113, "EvildragonVR", 98302.67080500006], "29gxtryykgnblu5xvdip8": [1093, "Duckdabro", 94211.37286799986], "2a6ekr378kiwrrodjri7e": [1079, "YelloducVR", 204861.945808], "2b5f06beql4s712awjzd1": [1067, "oculus_crab07", 118676.78885400011], "29wytcje12nmxfatcofke": [988, "BurningAlpaca", 106644.9189270001], "2c9uw1hmr8t6d32l50qha": [971, "GVPikachu", 100774.07052200007], "2ap647di3dc1k42jf4o2o": [968, "yO0hooVrrr", 77308.32697699993], "2a8031alixx3u6tyu2a7k": [948, "iamaverag8", 187415.73763899994], "29srqtwaq08zzhp3kng3u": [931, "CoblerB1", 99007.47103000007], "2ao2wbj2hjofkofthq2vh": [915, "tylerlion", 64820.37383599996], "29rhk9gdy7iiza0k3tttk": [911, "Trap11190", 62879.82037799995], "29w20l59y1m2zkzhkojnu": [904, "Mrs.Madlord", 140042.46965699995], "2a16lrhk70q0s94hkbdwz": [890, "BWLBuck", 150329.77116899984], "2bgyhql8flu7rykokzr0l": [865, "Glingust", 91639.7901140001], "2bf8hyynuelajywj9k4n7": [858, "Polaris8477", 188374.992487], "2axkwzh6f43g1regf401p": [817, "dannyfreshman", 67615.86769800002], "29id5ta7mb54j28tz6wfe": [814, "Convrist", 104156.58258000006], "2bkj2x1tozu1cwg34wcpt": [812, "8875rx", 72235.39382800003], "2ap0yu9y9g2lcvxbc5x3g": [788, "x.alwxx", 107855.20271999984], "2bvy4htc1ihhkf23hxxce": [773, "BigDum", 68193.48490800006], "29nxcg0chi4uqcj7yk7f4": [728, "Insert.vr", 176497.73155599996], "2a0r12prnob1y78t7wqpn": [724, "Dyght_light", 52702.582935], "2ak0ysv35egakgfilswpy": [721, "EBspark", 92531.01665999992], "29qeyt8s1biu4e22e8653": [716, "brandonhamrick", 65908.73917999993], "29rqdxks1jyqbrdnw6ggs": [688, "DevilTheTagger", 77447.57826400005], "2agnws553se4jxb8sbnpo": [685, "vrshirleys", 118809.80897600012], "29rkswgx13q8mej7mxdg6": [673, "AFT_Daring", 88117.76247209993], "2apqgju0ttomc3mztt3p6": [661, "Iegendary", 32201.70632900002], "29y5xtwiv6shb636vdb9c": [643, "SuperMeow10", 82357.87599000004], "2c1ac2ajubr0ftd3d0gsd": [641, "Julian_fun", 115372.91768999996], "29s8ukg906xmbviy554so": [624, "KleptoMiner", 82848.68799], "2ao6urm519y3ttg54n20m": [614, "YLLF", 76500.69051799994], "29rf0j9ksurlx1zybi2gm": [603, "Doge786", 117725.08242300006], "29uv38c0g6ybrxlaql9or": [599, "nolan8420", 54994.70425399999], "29px3pmrktk2sms8qmvqb": [599, "CokeDeeee", 53294.61981699998], "2c7oqjunzn6dwy7rv6i96": [593, "HYBR1D", 42553.099590000005], "29qv44zsn1bl7muilse95": [590, "Ryzx", 25138.403850000002], "2bmmn2miw2opz93rsr4wf": [583, "Cernsberger", 87012.09240000004], "2cmndb6aqd04eegbagxbo": [582, "vestria", 39514.84227400003], "29ezo6a90tadi40tflojy": [578, "fargoshark", 80305.84252000003], "2b7anf6j52v10xfy419nh": [577, "avocadoboy29", 163533.41951900002], "2cv2k0s9j3dp3rglfmblc": [576, "SuperBlueCheese", 46692.47386000003], "29k763epg4asdivyctend": [575, "GRAY_820", 86702.55838000009], "2cse0rwhzexnleljzk7g3": [564, "JiggleTets", 96225.80837999997], "2br3r3beexa8hy0yw4c6z": [555, "Llamaiabad_m8", 36467.61641899997], "2b98oapjfx05t5nq33xpp": [553, "crazysherman2", 38830.798758000026], "2bmbn2tcbm89x9wv2idh1": [545, "Rockyraider", 134698.94286899987], "29udv6q207r9ehlyn3zp1": [532, "Sherbear79", 22238.86437999999], "2a09tvja9dic8lchjkata": [532, "Droplet___Gamer1226", 35742.14537999997], "2blld08xnu1l7ymi7qgdk": [504, "breadgenix", 60647.09337999997], "29zwujsnjq6iu1jqa4keo": [503, "levi8020", 65028.29779999996], "29wqa67tov5nq1kmxsr2l": [497, "NewSynthesis", 43594.605109], "2c1aqs4qqftikofnp34sn": [494, "DUCK.l0v3r", 38760.46469600004], "29z0nxar0nqsefbvvly4k": [490, "Neville_Tiger_Strike", 54904.54491999995], "2b7djrxoy32zfr0tx703g": [489, "FURRYTWO", 42496.60092999999], "2cpxurzwvw294smzl1100": [484, "Mr.PaintVR", 83018.61889900001], "2abebn7t4lq4ydl89oxje": [474, "FruitByTheFist", 62821.92060999996], "2bf5tjn2m3gdimm22z7w0": [471, "sillyboy69420", 37691.56428699998], "2bterl3ccauezuz1slu3y": [468, "phantomzombie.2023", 55886.93451999995], "29yec0gze33pi66el8naw": [463, "LILYSSADWORLDD", 42951.42123999997], "2ahr07me5t3733z0ple9h": [461, "PA4TYVR", 39114.94423700002], "2bfvrc4s5i5o19uyevvrc": [460, "mboss007", 16874.90612], "2aer1ouapoy5r6fidnezr": [455, "AzimuthGT", 30816.143888000006], "2am015n3aa6sebl0p6923": [453, "rougueRunner", 42895.81281999995], "2dgh7p452cx6x6sik64q0": [450, "Parkeeeee", 60881.074374000025], "2be7njc2pvy2nbv7qlho1": [445, "gunnboy97", 63751.731409999986], "2bt1j9owykx3qrnr8ilbv": [442, "PNUT.73", 69850.96920000007], "2a2x6ld8bmv9k29y6yusw": [442, "DamondStrke", 47021.07209699998], "2a0ww6psn1b42o4ziik88": [436, "logical.on.yt", 93106.75062000008], "2cj6360mb3vzq6m87idlc": [431, "BrantleyGamingVR", 30901.254687000022], "2a0lvcwp1mmrqwbzy9xkv": [429, "RadioIV", 61598.84936999998], "2ajh3ta3oul1bb2sw66r5": [426, "freezeeduck", 36143.088277], "2b65xit4k32pv51wy9lea": [417, "fart.mp4", 19865.411539999997], "2cryril20wvakeozbsknk": [417, "Doge785", 41013.18118400002], "2cale1htizlwscwedg1r7": [416, "Light_Awlx", 33801.152688999966], "2c0vvrzpz3uv0mp3n30r5": [413, "AysonBoi", 71893.06068000001], "29gmek2pnwqqx27g565hs": [412, "Stand.i", 68684.14596000001], "2d0q9g52rhd4c8hsjasta": [411, "ok.hi.669981", 38976.113916000046], "2c0lrcakw7ge2uyuuqfk3": [408, "Doodl3sss1512", 40733.744059999946], "2bs9a0kjj1uhssit33q3e": [402, "BernanaBread", 45542.46694799995], "2c0r7qf181vgbcnxb3285": [400, "invert132", 53689.47127000001], "29zta0isiiyznub5g9xhd": [400, "TheGalaxyOfYoutube", 48083.733149999985], "29lmdv56fjch18bes1u2j": [395, "Caziggy", 74051.14985999992], "2ag433l3twx7riwlmg0h7": [394, "RadioOtter", 33155.085019000006], "2c8c2dxbutxt7bi26xwwf": [389, "V1de0", 41586.33058699996], "2a33b1vaktmxzo9wiftam": [389, "ItsTrickyTrickyDicky", 29565.243870000006], "2b0an06iko4dlrx80hzts": [384, "trippie-kidd", 64863.14038999997], "2c52qodt76x8fn8o23su1": [381, "Oreo_on_vr", 21219.673877], "29ztff7purjtla0n4ake9": [374, "LightsOut345", 40748.087849999996], "2aw06b0if6j71h3ukt2ir": [369, "Masterpay", 54891.601649999975], "2blgd8unf5ztm9e6b6e8m": [367, "HargraveVR", 34204.858374000025], "2c265k7puq5nt7i4vqmyu": [366, "Rlfty.vr", 35092.48723000001], "2c0g0vag10vipkvj3jwq8": [363, "kozmic60", 49837.98371599996], "29mu59yo9pbgwqloqhthe": [360, "littlebeastM8", 57728.05384999993], "29qt9i4e2th1db3i02aqm": [359, "OtterBoy.XD", 40958.19601900003], "29rbyudpcet6wdy3iidd4": [356, "TLTT", 72101.3526489999], "2bi209d7xu74t28akck0f": [355, "BRICHAGA", 41923.863128000026], "2b6xz7gf4az5gx4nxfyk0": [353, "Frevr", 36955.685949999985], "2ctxred9srmtrfk2eghwo": [352, "John.Satterstrom79", 33606.04952800001], "2b73bdanhzp2gmr41m283": [352, "TronisRobot", 69928.04448800007], "2ae5dh3d11sasaq41z1fc": [352, "ZURRR_111", 25977.21571999999], "29j5kd62qrg5797wiiwpx": [347, "Nash_human", 35784.40943000001], "2c6pd8b8m94ew3i2z2ogw": [347, "1ForkVR1", 45608.841777999965], "2bh834iroevzddjs5reyc": [345, "DespicsbleTree", 27395.81726], "2bkjejfjfpk62f85u6b7o": [344, "lavvyvr", 30024.161426000006], "2c0jd4vvao1gicgwtbgp1": [343, "muffin3553857", 42171.16767699999], "29v9vd6n9z45d16mi2o2n": [342, "JeffBobDude", 48274.72555999999], "29prp534vnw8llkf0v0qm": [340, "FVRG", 43915.85079999996], "2c188radl030y7ztiyddp": [339, "turretvr", 47568.881078000006], "2chr39p0bdzfbxzatpcp4": [338, "S1is3r", 37632.519606999995], "2baydbvctvw597zvmx6ry": [338, "TrashPandas103112", 57339.44249999998], "2b4n1vl3nhjt4d3ognob5": [338, "TheBizzorst", 34946.75230799999],