{"29xc83sott7wc21mlni58": [2964, "2THEzimms2", 192664.3290540001], "29sgp24f1uorbc6vq8d2k": [2449, "dotindex", 242853.81444650036], "29st9jdcbxxotp0t9d8en": [2058, "Mystery8281", 166229.3507338999], "2czbtyaqtbjo89sut7jqd": [1986, "Thezra325", 409065.8841790005], "29wvwcyosrr43a72at6m5": [1828, "Poggggg", 187670.3929999998], "29ffxg2ijqxyrgxyy2vjj": [1556, "FROSTY_CROSS", 261238.09068000028], "2b2plkhwfthpvqrtq90em": [1456, "Pack_VR", 164654.58434000026], "2bojjyjkmhegoqt73au7m": [1340, "FitArtist334071", 261240.8069389999], "29wytcje12nmxfatcofke": [1311, "BurningAlpaca", 122441.85463500003], "290oi9frh8eihrh1r5z0q": [1261, "Slin", 228906.73717000015], "2bdgvs9mq43grmiabk1bk": [1120, "betterthanNskc7", 138620.95975999994], "2bl9jjc7y3wk79lt283xx": [1118, "EvildragonVR", 98494.90414500007], "29gxtryykgnblu5xvdip8": [1102, "Duckdabro", 96660.45895799984], "2a6ekr378kiwrrodjri7e": [1069, "YelloducVR", 204285.811498], "2b5f06beql4s712awjzd1": [1055, "oculus_crab07", 117030.18874400013], "2c9uw1hmr8t6d32l50qha": [1034, "GVPikachu", 111919.80190200014], "2ap647di3dc1k42jf4o2o": [1011, "yO0hooVrrr", 83313.89002699988], "2a8031alixx3u6tyu2a7k": [943, "iamaverag8", 187189.08213899992], "29rhk9gdy7iiza0k3tttk": [933, "Trap11190", 64432.45177799994], "29w20l59y1m2zkzhkojnu": [931, "Mrs.Madlord", 142208.1762969999], "29srqtwaq08zzhp3kng3u": [926, "CoblerB1", 122214.73302999993], "2ao2wbj2hjofkofthq2vh": [901, "tylerlion", 64004.92233599998], "2bgyhql8flu7rykokzr0l": [897, "Glingust", 96808.83981400011], "2a16lrhk70q0s94hkbdwz": [882, "BWLBuck", 149938.42756899985], "2bf8hyynuelajywj9k4n7": [877, "Polaris8477", 193677.11008700004], "2bkj2x1tozu1cwg34wcpt": [850, "8875rx", 75601.448388], "2axkwzh6f43g1regf401p": [812, "OreO_GaminG", 67486.18665800002], "29id5ta7mb54j28tz6wfe": [810, "Convrist", 104138.94749000008], "2bvy4htc1ihhkf23hxxce": [798, "BigDum", 68836.57184800005], "2ap0yu9y9g2lcvxbc5x3g": [782, "x.alwxx", 108548.72598999983], "29nxcg0chi4uqcj7yk7f4": [754, "Insert.vr", 181940.81934599997], "2ak0ysv35egakgfilswpy": [722, "EBspark", 92640.68720999989], "2a0r12prnob1y78t7wqpn": [717, "Dyght_light", 52292.125044999986], "29qeyt8s1biu4e22e8653": [711, "brandonhamrick", 64527.603879999966], "2c1ac2ajubr0ftd3d0gsd": [698, "Julian_fun", 133754.01644999997], "2ao6urm519y3ttg54n20m": [686, "YLLF", 89190.47030799996], "2agnws553se4jxb8sbnpo": [686, "vrshirleys", 126483.34112600007], "29rqdxks1jyqbrdnw6ggs": [684, "cydigi3", 76765.28326400006], "29rkswgx13q8mej7mxdg6": [663, "AFT_Daring", 87674.74177209992], "2apqgju0ttomc3mztt3p6": [654, "Iegendary", 32050.961509000022], "29s8ukg906xmbviy554so": [637, "KleptoMiner", 85978.33704999999], "29y5xtwiv6shb636vdb9c": [635, "SuperMeow10", 81221.34198000006], "2dlr78lrqstygz3nqf9af": [618, "juicyvrr", 38321.134693999986], "29rf0j9ksurlx1zybi2gm": [612, "Doge786", 118425.99517300005], "2cmndb6aqd04eegbagxbo": [607, "vestria", 28383831.80184302], "2b7anf6j52v10xfy419nh": [600, "avocadoboy29", 168338.63871899998], "29px3pmrktk2sms8qmvqb": [598, "CokeDeee", 53219.57920699998], "29uv38c0g6ybrxlaql9or": [596, "nolan8420", 54912.33725399999], "2cse0rwhzexnleljzk7g3": [586, "JiggleTets", 115666.13205999997], "29ezo6a90tadi40tflojy": [585, "fargoshark", 82513.75742000005], "2bmmn2miw2opz93rsr4wf": [583, "Cernsberger", 86995.50940000004], "29qv44zsn1bl7muilse95": [583, "Ryzx", 25039.52801000001], "2c7oqjunzn6dwy7rv6i96": [575, "HYBR1D", 41806.50346000001], "2cv2k0s9j3dp3rglfmblc": [574, "SuperBlueCheese", 46968.995740000035], "2ahr07me5t3733z0ple9h": [569, "PA4TYVR", 50549.42891700001], "2bmbn2tcbm89x9wv2idh1": [566, "Rockyraider", 141662.52676899984], "2br3r3beexa8hy0yw4c6z": [565, "Llamaiabad_m8", 37159.91002899998], "29k763epg4asdivyctend": [564, "GRAY_820", 85961.61335000007], "2b98oapjfx05t5nq33xpp": [550, "crazysherman2", 38826.098828000024], "29udv6q207r9ehlyn3zp1": [531, "Sherbear79", 22228.75927999999], "2a09tvja9dic8lchjkata": [529, "Droplet___Gamer1226", 35724.06735999997], "2bfvrc4s5i5o19uyevvrc": [524, "mboss007", 19222.918119999995], "29zwujsnjq6iu1jqa4keo": [507, "levi8020", 66180.07571999992], "29z0nxar0nqsefbvvly4k": [500, "Neville_Tiger_Strike", 55232.61201999995], "29wqa67tov5nq1kmxsr2l": [495, "NewSynthesis", 43577.494079], "2dgh7p452cx6x6sik64q0": [494, "Parkeeeee", 71560.22168400005], "2blld08xnu1l7ymi7qgdk": [494, "breadgenix", 59866.95897999997], "2c1aqs4qqftikofnp34sn": [490, "DUCK.l0v3r", 38766.036496000044], "2cj6360mb3vzq6m87idlc": [488, "BrantleyGamingVR", 38119.98097599999], "2cpxurzwvw294smzl1100": [485, "Mr.PaintVR", 82889.99849900001], "2b7djrxoy32zfr0tx703g": [485, "FURRYTWO", 42385.90397], "2abebn7t4lq4ydl89oxje": [469, "FruitByTheFist", 62685.406779999954], "2bterl3ccauezuz1slu3y": [467, "phantomzombie.2023", 55881.54991999996], "2bf5tjn2m3gdimm22z7w0": [461, "sillyboy_vr", 37409.86411699997], "29yec0gze33pi66el8naw": [456, "LILYSSADWORLDD", 42314.17743999997], "2aer1ouapoy5r6fidnezr": [452, "AzimuthGT", 30651.91618800001], "2am015n3aa6sebl0p6923": [449, "rougueRunner", 43005.37487999995], "2be7njc2pvy2nbv7qlho1": [449, "gunnboy97", 63781.95020999998], "2bt1j9owykx3qrnr8ilbv": [445, "PNUT.73", 72522.95979000004], "2a2x6ld8bmv9k29y6yusw": [434, "DamondStrke", 46634.714597], "2a0ww6psn1b42o4ziik88": [433, "monkeylover1525", 92848.44592000007], "29gmek2pnwqqx27g565hs": [427, "Stand.i", 70676.86236000003], "2a0lvcwp1mmrqwbzy9xkv": [427, "RadioIV", 61476.18386999998], "2ajh3ta3oul1bb2sw66r5": [423, "freezeeduck", 36037.199177], "2cale1htizlwscwedg1r7": [421, "Light_Awlx", 35809.48718799998], "2b65xit4k32pv51wy9lea": [419, "fart.mp4", 20230.499268999996], "2cxd9zf546ql6leybam6b": [416, "jake4831", 29193.139138999988], "2cryril20wvakeozbsknk": [416, "Itsbonkey", 41108.057484000026], "2c0vvrzpz3uv0mp3n30r5": [415, "AysonBoi", 72340.94758000001], "2bs9a0kjj1uhssit33q3e": [409, "BernanaBread", 46909.85369799996], "2c0lrcakw7ge2uyuuqfk3": [407, "Doodl3sss1512", 40695.82815999994], "2d0q9g52rhd4c8hsjasta": [405, "ok.hi.669981", 38650.60951600004], "2c8c2dxbutxt7bi26xwwf": [401, "V1de0", 45788.50729799999], "2dxijur2sv4g5xn5uzbti": [401, "MotherGooseof8", 65920.65805999999], "2c0g0vag10vipkvj3jwq8": [398, "kozmic60", 50686.405075999945], "2c0r7qf181vgbcnxb3285": [397, "invert132", 53163.99047000001], "29zta0isiiyznub5g9xhd": [395, "TheGalaxyOfYoutube", 47957.621749999984], "29lmdv56fjch18bes1u2j": [389, "Caziggy", 73729.99425999993], "2a33b1vaktmxzo9wiftam": [388, "ItsTrickyTrickyDicky", 29556.786370000005], "2ag433l3twx7riwlmg0h7": [386, "PuddingVR", 33056.56201900002], "2b0an06iko4dlrx80hzts": [382, "trippie-kidd", 64120.807789999984], "2chr39p0bdzfbxzatpcp4": [377, "S1is3r", 38687.03289700001], "2c52qodt76x8fn8o23su1": [376, "Oreo_on_vr", 21058.590297000002], "29ztff7purjtla0n4ake9": [372, "LightsOut345", 40616.271949999995], "2aw06b0if6j71h3ukt2ir": [369, "Masterpay", 55174.40574999998], "2c265k7puq5nt7i4vqmyu": [367, "Rlfty.vr", 34854.18813000001], "2blgd8unf5ztm9e6b6e8m": [366, "HargraveVR", 34219.69037400003], "2d586to5iar5fmh8vlgi7": [358, "Thezra_sidekick", 41528.27353999999], "29mu59yo9pbgwqloqhthe": [358, "littlebeastM8", 57580.886769999925], "29rbyudpcet6wdy3iidd4": [356, "TLTT", 72948.08065899991], "29qt9i4e2th1db3i02aqm": [354, "OtterBoy06", 40574.65387900003], "2ctxred9srmtrfk2eghwo": [352, "John.Satterstrom79", 35012.930728000014], "2b73bdanhzp2gmr41m283": [352, "TronisRobot", 69953.84768800008], "2bi209d7xu74t28akck0f": [351, "BRICHAGA", 42875.59767800002], "2b6xz7gf4az5gx4nxfyk0": [351, "Frevr", 36916.30004999998], "2baydbvctvw597zvmx6ry": [347, "TrashPandas103112", 61171.40139999997], "2bh834iroevzddjs5reyc": [347, "DespicsbleTree", 27513.27156], "2ae5dh3d11sasaq41z1fc": [347, "ZURRR_111", 25751.56095999999], "29prp534vnw8llkf0v0qm": [345, "ForevrGrab", 48338.83503999997], "2bkjejfjfpk62f85u6b7o": [344, "lavvyvr", 29944.830726], "2c6pd8b8m94ew3i2z2ogw": [343, "1ForkVR1", 45388.79017799997], "29v9vd6n9z45d16mi2o2n": [342, "JeffBobDude", 48370.12635999998],