{"29xc83sott7wc21mlni58": [2856, "13OliviA", 187912.09162500015], "29sgp24f1uorbc6vq8d2k": [2297, "dotindex", 241228.5136465004], "29wvwcyosrr43a72at6m5": [1803, "Poggggg", 182310.01273999977], "2czbtyaqtbjo89sut7jqd": [1288, "Thezra325", 241158.2236630002], "29ffxg2ijqxyrgxyy2vjj": [1261, "FROSTY_CROSS", 213803.79854000013], "29st9jdcbxxotp0t9d8en": [1188, "Navilain", 88820.12684490022], "290oi9frh8eihrh1r5z0q": [1132, "Slin", 188933.70087000003], "2b2plkhwfthpvqrtq90em": [1116, "Pack_VR", 119163.99050999995], "2bdgvs9mq43grmiabk1bk": [1112, "draculaflo", 135381.03781999994], "2a6ekr378kiwrrodjri7e": [1059, "YelloducVR", 198950.539268], "2bl9jjc7y3wk79lt283xx": [1048, "EvildragonVR", 88368.59055000008], "2b5f06beql4s712awjzd1": [1044, "oculus_crab07", 110133.90592500004], "2bojjyjkmhegoqt73au7m": [982, "FitArtist334071", 168648.12162099988], "2a8031alixx3u6tyu2a7k": [917, "iamaverag8", 182729.65763899992], "29srqtwaq08zzhp3kng3u": [874, "CoblerB1", 91712.62516000017], "29rhk9gdy7iiza0k3tttk": [838, "Trap11190", 57114.7471979999], "2axkwzh6f43g1regf401p": [828, "oreo_gaming", 69069.12645800003], "29gxtryykgnblu5xvdip8": [822, "Duckdabro", 64076.31279000005], "29id5ta7mb54j28tz6wfe": [739, "Convrist", 86621.82514000003], "29w20l59y1m2zkzhkojnu": [736, "Mr.Madlord", 107407.516598], "2bgyhql8flu7rykokzr0l": [731, "Glingust", 76141.14489600003], "2a16lrhk70q0s94hkbdwz": [723, "BWLBuck", 120797.8576989999], "2a0r12prnob1y78t7wqpn": [717, "Dyght_light", 52580.206235], "29nxcg0chi4uqcj7yk7f4": [707, "KEN__CARS0N", 170864.31784599996], "2bkj2x1tozu1cwg34wcpt": [706, "8875rx", 63092.69393799999], "2ap0yu9y9g2lcvxbc5x3g": [694, "Itz_Alwx", 87980.40967999994], "29rkswgx13q8mej7mxdg6": [684, "AFT_Daring", 88815.15633309993], "29rqdxks1jyqbrdnw6ggs": [678, "CYDIGI3", 72281.31963400006], "2apqgju0ttomc3mztt3p6": [676, "Iegendary", 34415.168409000034], "2ap647di3dc1k42jf4o2o": [652, "yO0hooVr", 55738.56908], "29qeyt8s1biu4e22e8653": [629, "brandonhamrick", 57216.599649999975], "2ak0ysv35egakgfilswpy": [620, "EBSpark", 73363.94026000006], "2bmmn2miw2opz93rsr4wf": [601, "Cernsberger", 88319.58686000007], "29qv44zsn1bl7muilse95": [601, "Ryzx", 26435.7837], "29px3pmrktk2sms8qmvqb": [584, "CokeDeeee", 51629.10806699997], "2bf8hyynuelajywj9k4n7": [583, "Polaris8477", 121524.74023900004], "2c7oqjunzn6dwy7rv6i96": [567, "HYBR1D", 37197.30390000001], "29k763epg4asdivyctend": [556, "graythegamer820", 78254.53356], "29ezo6a90tadi40tflojy": [549, "fargoshark", 72605.82256000002], "2a09tvja9dic8lchjkata": [535, "Droplet___Gamer1226", 35462.783839999975], "2c9uw1hmr8t6d32l50qha": [527, "GVPikachu", 51803.405795], "29udv6q207r9ehlyn3zp1": [527, "Sherbear79", 21887.29829999999], "2bvy4htc1ihhkf23hxxce": [518, "BigDum", 44758.620517999945], "2b98oapjfx05t5nq33xpp": [506, "crazysherman2", 37878.93034900004], "2blld08xnu1l7ymi7qgdk": [503, "breadgenix", 59320.441979999974], "2br3r3beexa8hy0yw4c6z": [500, "dotlndex", 31756.593909000007], "29wqa67tov5nq1kmxsr2l": [495, "NewSynthesis", 42856.50956900001], "29uv38c0g6ybrxlaql9or": [487, "nolan8420", 42808.09694600001], "2b7anf6j52v10xfy419nh": [483, "avocadoboy29", 92046.14789900015], "2bterl3ccauezuz1slu3y": [479, "phantomzombie.2023", 56041.30141999994], "29yec0gze33pi66el8naw": [473, "piss.vr", 43450.57413999996], "2c1ac2ajubr0ftd3d0gsd": [463, "Julian_fun", 96782.31110999998], "29y5xtwiv6shb636vdb9c": [461, "SuperMeow10", 52720.518609999956], "29z0nxar0nqsefbvvly4k": [460, "Neville_Tiger_Strike", 52002.29721999996], "29rf0j9ksurlx1zybi2gm": [459, "Doge786", 82787.23089600004], "29zwujsnjq6iu1jqa4keo": [459, "levi8020", 56727.398619999956], "2c1aqs4qqftikofnp34sn": [453, "DUCK.l0v3r", 33598.67885700002], "2a2x6ld8bmv9k29y6yusw": [453, "DamondStrke", 47703.447296999984], "2b7djrxoy32zfr0tx703g": [437, "Cobblestonener", 39525.50450999997], "2ajh3ta3oul1bb2sw66r5": [434, "freezeeduck", 37379.91517700002], "2aer1ouapoy5r6fidnezr": [430, "AzimuthGT", 28695.89549900001], "2am015n3aa6sebl0p6923": [428, "rougueRunner", 40321.19212999999], "2abebn7t4lq4ydl89oxje": [425, "FruitByTheFist", 47296.381689999944], "29zta0isiiyznub5g9xhd": [410, "TheGalaxyOfYoutube", 45809.358049999966], "2c52qodt76x8fn8o23su1": [401, "Oreo_on_vr", 21918.960877], "2c0vvrzpz3uv0mp3n30r5": [399, "AysonBoi", 71076.57126], "2a33b1vaktmxzo9wiftam": [398, "ItsTrickyTrickyDicky", 31281.70153], "2cse0rwhzexnleljzk7g3": [397, "JiggleTets", 59534.34549000006], "29ztff7purjtla0n4ake9": [391, "LightsOut345", 41900.69968], "2cmndb6aqd04eegbagxbo": [386, "vestria", 25957.69869800001], "2aw06b0if6j71h3ukt2ir": [383, "Masterpay", 55746.728149999995], "2bf5tjn2m3gdimm22z7w0": [380, "sillyboy_vr", 25449.96582899998], "2cv2k0s9j3dp3rglfmblc": [374, "SuperBlueCheese", 27552.210529999997], "2agnws553se4jxb8sbnpo": [372, "vrshirleys", 58844.93774000002], "2bt1j9owykx3qrnr8ilbv": [367, "1235311PNUT", 59906.21984], "2c265k7puq5nt7i4vqmyu": [366, "Rlfty.vr", 34579.23645000002], "29lmdv56fjch18bes1u2j": [364, "Caziggy", 63893.390019999955], "2c0r7qf181vgbcnxb3285": [360, "invert132", 42821.62796000002], "2ae5dh3d11sasaq41z1fc": [358, "ZURRR_111", 26230.436899999997], "2bh834iroevzddjs5reyc": [356, "DespicsbleTree", 27948.06326], "2ao2wbj2hjofkofthq2vh": [351, "tylerlion", 32133.037389000005], "2bmbn2tcbm89x9wv2idh1": [348, "Rockyraider", 86624.43727900003], "29mu59yo9pbgwqloqhthe": [346, "littlebeastM8", 55902.992019999925], "29qv0sdmg8m5y3lpdt05w": [346, "MrPiglett", 29505.557200000003], "2b6xz7gf4az5gx4nxfyk0": [345, "Frevr", 36509.75728999998], "2a3do6ykbb3oogw62idpu": [335, "ShawboiZ", 31701.764709], "29qt9i4e2th1db3i02aqm": [333, "OtterBoy.XD", 35746.84383900003], "2bew6i893gmw42trq9nfz": [333, "RotGoddess1", 57288.77354999995], "29rbyudpcet6wdy3iidd4": [329, "TLTT", 58793.99267899996], "2bi209d7xu74t28akck0f": [328, "Brichaga", 35131.91826999999], "2b29ub6n3gq14ju1fev5v": [326, "CountryLife6", 18963.63365], "2aov1sx3zs20px13i5weq": [325, "DRAZ56", 46648.584209999986], "2a9jgtaqv54m31pu4wpvu": [325, "harvey_holland", 27355.948020000014], "2aejscunjtm5ktmn0lh0w": [324, "LowkeyVrPro", 15173.395032999988], "2a0ww6psn1b42o4ziik88": [323, "logical.on.yt", 60691.69293000006], "29v9vd6n9z45d16mi2o2n": [321, "JeffBobDude", 43049.729460000024], "2bns26w3fm3mw3878kl5j": [320, "PurplrVr", 34499.03510000003], "2bvinw4iom3jiyo68esbo": [318, "Darx", 38807.389010000006], "2c5tr3jzc3hc0l4vz230q": [316, "777feet", 71905.03115000002], "2b4n1vl3nhjt4d3ognob5": [315, "TheBizzorst", 32895.072069999995], "2bs9a0kjj1uhssit33q3e": [314, "BernanaBread", 31853.99918800002], "2bjb2qs2qw3cv13niobik": [311, "Rickyboy101", 20422.619929999993], "2a330dj0lwxto6urn4k9u": [310, "GalNightWatcher", 13088.484808999998], "2ako4mk7kyo1zx1hlee0m": [309, "Medveds2021", 29659.943079999983], "2cryril20wvakeozbsknk": [306, "Doge785", 25327.748376000018], "2be7njc2pvy2nbv7qlho1": [305, "gunnboy97", 39929.32220999999], "29ngj2xcdlinnuqz0vrw5": [305, "CursedPhantom", 56250.36072300002], "2a0yppin50f1m1kzcyrbr": [303, "oasislee", 19934.371023], "2av0siwp3dc2oy8iux1sc": [302, "lucajf920", 33185.38027000004], "2b40hnywfolv6cqdo1znf": [299, "Great_Gox", 51406.16641000004], "2blgd8unf5ztm9e6b6e8m": [298, "HargraveVR", 26261.00839600001], "2a2loxmylxylzuf52makx": [296, "Popfox101", 25179.43692900001], "29j5kd62qrg5797wiiwpx": [295, "Nash_human", 27390.979760000002], "29vhvl94jvlw4vp4b019y": [294, "luhmao", 33585.02502000003], "29j33v3pw6k19lyggvu6a": [293, "anbuvylax", 17707.85770000001], "2baydbvctvw597zvmx6ry": [292, "TrashPandas103112", 53661.53888999999], "2auqkxmj2m5cjqpv96ccw": [291, "wigglebut21", 35914.71677], "2abovr5t3alegxugovv4u": [290, "TalenMunster", 43425.91626999998], "2cj6360mb3vzq6m87idlc": [289, "brant.709581", 19325.542709000016], "2a6vkwrdnbmuf5iyhuxe7": [289, "Alekai1", 36129.278379999996], "29jeo3iwb3c4aj7vyulau": [287, "KylenSalty", 35901.85504999999], "29z0xnmo2bj7t5r2xfed1": [285, "gman2giant", 18153.0865217], "2b65xit4k32pv51wy9lea": [283, "fart.mp4", 14780.197229999994],