{"29xc83sott7wc21mlni58": [2833, "13OliviA", 186756.92681500028], "29sgp24f1uorbc6vq8d2k": [2349, "dotindex", 242700.46832650047], "29wvwcyosrr43a72at6m5": [1829, "Poggggg", 189823.0477199998], "2czbtyaqtbjo89sut7jqd": [1750, "Thezra325", 348759.6916820003], "29st9jdcbxxotp0t9d8en": [1737, "Mystery8281", 135748.4039039001], "29ffxg2ijqxyrgxyy2vjj": [1472, "FROSTY_CROSS", 240390.8500400003], "2b2plkhwfthpvqrtq90em": [1314, "Pack_VR", 130199.26856900002], "290oi9frh8eihrh1r5z0q": [1215, "Slin", 214760.13947], "2bdgvs9mq43grmiabk1bk": [1115, "draculaflo", 136501.60906999995], "2bojjyjkmhegoqt73au7m": [1095, "FitArtist334071", 230860.08527099967], "2bl9jjc7y3wk79lt283xx": [1085, "EvildragonVR", 91042.19401000012], "2a6ekr378kiwrrodjri7e": [1080, "YelloducVR", 202812.03076799997], "2b5f06beql4s712awjzd1": [1061, "oculus_crab07", 115539.02597500008], "29gxtryykgnblu5xvdip8": [979, "Duckdabro", 85292.58523799988], "2a8031alixx3u6tyu2a7k": [942, "iamaverag8", 186696.7015989999], "2ao2wbj2hjofkofthq2vh": [932, "tylerlion", 65689.29102599998], "29srqtwaq08zzhp3kng3u": [915, "CoblerB1", 94020.82990000016], "29rhk9gdy7iiza0k3tttk": [871, "Trap11190", 59648.01417799992], "29w20l59y1m2zkzhkojnu": [852, "Mr.Madlord", 136939.43327699997], "2a16lrhk70q0s94hkbdwz": [847, "BWLBuck", 142615.00610899992], "2axkwzh6f43g1regf401p": [816, "dannyfreshman", 68176.53859800004], "29id5ta7mb54j28tz6wfe": [790, "Convrist", 100552.70871000006], "2bkj2x1tozu1cwg34wcpt": [789, "8875rx", 71269.472808], "2bgyhql8flu7rykokzr0l": [776, "Glingust", 79385.80943500003], "2c9uw1hmr8t6d32l50qha": [775, "GVPikachu", 75324.27155200003], "2ap647di3dc1k42jf4o2o": [748, "yO0hooVrrr", 60468.61949899997], "2ap0yu9y9g2lcvxbc5x3g": [740, "dawn.qt", 100608.30006999988], "2bf8hyynuelajywj9k4n7": [738, "Polaris8477", 151484.3445670002], "2a0r12prnob1y78t7wqpn": [729, "Dyght_light", 52852.87804500001], "29nxcg0chi4uqcj7yk7f4": [717, "KEN__CARS0N", 173973.44918599995], "29qeyt8s1biu4e22e8653": [707, "brandonhamrick", 62784.14504999996], "2ak0ysv35egakgfilswpy": [700, "EBspark", 87771.09065999991], "29rqdxks1jyqbrdnw6ggs": [686, "CYDIGI3", 76661.46166400003], "2bvy4htc1ihhkf23hxxce": [679, "BigDum", 61066.358228000005], "29rkswgx13q8mej7mxdg6": [678, "AFT_Daring", 88211.19773309994], "2apqgju0ttomc3mztt3p6": [669, "Iegendary", 34053.09482900003], "2c7oqjunzn6dwy7rv6i96": [616, "HYBR1D", 43813.83155000002], "29y5xtwiv6shb636vdb9c": [609, "SuperMeow10", 77214.43887000006], "29px3pmrktk2sms8qmvqb": [595, "CokeDeeee", 52457.495726999994], "29qv44zsn1bl7muilse95": [595, "Ryzx", 25246.73695], "2bmmn2miw2opz93rsr4wf": [585, "Cernsberger", 86637.23556000006], "29k763epg4asdivyctend": [583, "GRAY_820", 88206.8408800001], "29ezo6a90tadi40tflojy": [565, "fargoshark", 75958.08795000003], "2b98oapjfx05t5nq33xpp": [553, "crazysherman2", 38812.39209800002], "2br3r3beexa8hy0yw4c6z": [551, "Llamaiabad_m8", 35739.58271899999], "29uv38c0g6ybrxlaql9or": [542, "nolan8420", 48258.78956499999], "2a09tvja9dic8lchjkata": [536, "Droplet___Gamer1226", 35940.10027999997], "29udv6q207r9ehlyn3zp1": [524, "Sherbear79", 21812.15528999999], "29rf0j9ksurlx1zybi2gm": [515, "Doge786", 106187.04329400006], "2c1ac2ajubr0ftd3d0gsd": [514, "Julian_fun", 101672.36377999997], "2blld08xnu1l7ymi7qgdk": [507, "breadgenix", 61048.69077999997], "2c1aqs4qqftikofnp34sn": [504, "DUCK.l0v3r", 39212.923156000026], "29wqa67tov5nq1kmxsr2l": [501, "NewSynthesis", 43822.991799], "2b7anf6j52v10xfy419nh": [498, "avocadoboy29", 146443.628489], "2b7djrxoy32zfr0tx703g": [493, "FURRYTWO", 42920.466539999994], "29zwujsnjq6iu1jqa4keo": [488, "levi8020", 62255.34481999994], "2bf5tjn2m3gdimm22z7w0": [481, "sillyboy69420", 38742.25478699997], "2cpxurzwvw294smzl1100": [477, "Mr.PaintVR", 79878.24969900004], "2cse0rwhzexnleljzk7g3": [477, "JiggleTets", 83101.60153000001], "2abebn7t4lq4ydl89oxje": [475, "FruitByTheFist", 61725.33809999995], "2bterl3ccauezuz1slu3y": [468, "phantomzombie.2023", 55117.48881999995], "29yec0gze33pi66el8naw": [464, "piss.vr", 42514.07633999996], "2cv2k0s9j3dp3rglfmblc": [459, "SuperBlueCheese", 33877.573619999996], "2aer1ouapoy5r6fidnezr": [459, "AzimuthGT", 31134.735228000005], "29z0nxar0nqsefbvvly4k": [455, "Neville_Tiger_Strike", 51710.767319999955], "2cmndb6aqd04eegbagxbo": [450, "vestria", 29827.602805000017], "2a2x6ld8bmv9k29y6yusw": [446, "DamondStrke", 47274.91189699998], "2agnws553se4jxb8sbnpo": [443, "vrshirleys", 70978.60721], "2a0ww6psn1b42o4ziik88": [438, "logical.on.yt", 93495.61491000008], "2am015n3aa6sebl0p6923": [435, "rougueRunner", 41336.79517999997], "2cryril20wvakeozbsknk": [433, "Doge785", 41928.03241400001], "2ajh3ta3oul1bb2sw66r5": [431, "freezeeduck", 36331.76227700001], "2bmbn2tcbm89x9wv2idh1": [421, "Rockyraider", 101413.50021899998], "2bt1j9owykx3qrnr8ilbv": [420, "PNUT.73", 60931.696349999984], "29zta0isiiyznub5g9xhd": [411, "TheGalaxyOfYoutube", 48632.41122999999], "2cale1htizlwscwedg1r7": [409, "Awlx", 32592.766927999983], "2ao6urm519y3ttg54n20m": [405, "YLLF", 37134.73177900002], "2d0q9g52rhd4c8hsjasta": [402, "ok.hi.669981", 36223.64253600002], "2be7njc2pvy2nbv7qlho1": [400, "gunnboy97", 57687.43626999997], "2c0r7qf181vgbcnxb3285": [398, "invert132", 51211.463780000035], "2cj6360mb3vzq6m87idlc": [398, "BrantleyIsBetter", 28412.347888000022], "2c0vvrzpz3uv0mp3n30r5": [397, "AysonBoi", 67976.34576999996], "2a33b1vaktmxzo9wiftam": [396, "ItsTrickyTrickyDicky", 30238.70833], "2c52qodt76x8fn8o23su1": [389, "Oreo_on_vr", 21444.551437000006], "29lmdv56fjch18bes1u2j": [387, "Caziggy", 69301.5277299999], "29ztff7purjtla0n4ake9": [382, "LightsOut345", 41609.44918], "2c265k7puq5nt7i4vqmyu": [379, "Rlfty.vr", 36105.92703000002], "2aw06b0if6j71h3ukt2ir": [377, "Masterpay", 55375.33954999999], "2bs9a0kjj1uhssit33q3e": [372, "BernanaBread", 41384.54676799993], "2b6xz7gf4az5gx4nxfyk0": [359, "Frevr", 37659.74295], "29mu59yo9pbgwqloqhthe": [359, "littlebeastM8", 57570.69498999993], "29qt9i4e2th1db3i02aqm": [356, "OtterBoy.XD", 40895.71891900003], "29j5kd62qrg5797wiiwpx": [353, "Nash_human", 35900.013530000004], "29rbyudpcet6wdy3iidd4": [353, "TLTT", 70217.16194899991], "2blgd8unf5ztm9e6b6e8m": [351, "HargraveVR", 32635.486744000023], "2ae5dh3d11sasaq41z1fc": [351, "ZURRR_111", 25953.680919999995], "29s8ukg906xmbviy554so": [350, "KleptoMiner", 66349.50345], "2bh834iroevzddjs5reyc": [347, "DespicsbleTree", 27472.871259999996], "29gmek2pnwqqx27g565hs": [344, "Stand.i", 58812.91214000003], "2b4n1vl3nhjt4d3ognob5": [344, "TheBizzorst", 34913.28365799999], "29qv0sdmg8m5y3lpdt05w": [342, "MrPiglett", 29584.447320000003], "2a3do6ykbb3oogw62idpu": [340, "ShawboiZ", 32329.696889000003], "2b65xit4k32pv51wy9lea": [339, "fart.mp4", 16442.068139999996], "2bkjejfjfpk62f85u6b7o": [334, "lavvyvr", 29298.005658000002], "2c0lrcakw7ge2uyuuqfk3": [333, "Doodl3sss1512", 36301.127289999975], "2baydbvctvw597zvmx6ry": [331, "TrashPandas103112", 56907.77783999999], "2b73bdanhzp2gmr41m283": [329, "TronisRobot", 64221.64354799997], "29v9vd6n9z45d16mi2o2n": [328, "JeffBobDude", 45563.352060000005], "2aejscunjtm5ktmn0lh0w": [328, "LowkeyVrPro", 15428.001772999987], "2c188radl030y7ztiyddp": [326, "turretvr", 46036.773968], "2b0an06iko4dlrx80hzts": [326, "trippie-kidd", 48146.97154999998], "2bi209d7xu74t28akck0f": [326, "BRICHAGA", 34914.66506999998], "29j33v3pw6k19lyggvu6a": [325, "anbuvylax", 18821.29811900002], "2bns26w3fm3mw3878kl5j": [324, "PurplrVr", 35530.755330000015], "2a9jgtaqv54m31pu4wpvu": [321, "harvey_holland", 26095.28302000002], "2aov1sx3zs20px13i5weq": [321, "DRAZ56", 46452.80026999998], "2bew6i893gmw42trq9nfz": [321, "RotGoddess1", 56194.37041999995], "2bvinw4iom3jiyo68esbo": [320, "Darx", 40225.64584000001], "2b29ub6n3gq14ju1fev5v": [316, "CountryLife6", 18646.62934], "2c5tr3jzc3hc0l4vz230q": [313, "777feet", 71958.45665000002], "2a7dpr68r014rdkz6927a": [311, "Auran_Simia", 74285.07056000004], "2auqkxmj2m5cjqpv96ccw": [310, "wigglebut21", 37735.6861], "29z0xnmo2bj7t5r2xfed1": [310, "gman2giant", 17521.411581700006],