{"29xc83sott7wc21mlni58": [2865, "13OliviA", 190759.25643500016], "29sgp24f1uorbc6vq8d2k": [2326, "dotindex", 241822.86493650044], "29wvwcyosrr43a72at6m5": [1841, "Poggggg", 190017.7428199998], "2czbtyaqtbjo89sut7jqd": [1450, "Thezra325", 265021.7468620001], "29ffxg2ijqxyrgxyy2vjj": [1378, "FROSTY_CROSS", 225710.77784000026], "29st9jdcbxxotp0t9d8en": [1321, "Navilain", 102229.6808839002], "2b2plkhwfthpvqrtq90em": [1241, "Pack_VR", 125816.61539000004], "290oi9frh8eihrh1r5z0q": [1150, "Slin", 199064.60227000006], "2bdgvs9mq43grmiabk1bk": [1115, "draculaflo", 136380.50766999993], "2a6ekr378kiwrrodjri7e": [1067, "YelloducVR", 203320.062068], "2bl9jjc7y3wk79lt283xx": [1053, "EvildragonVR", 87954.1411400001], "2b5f06beql4s712awjzd1": [1043, "oculus_crab07", 110578.33218500005], "2bojjyjkmhegoqt73au7m": [1018, "FitArtist334071", 187140.10969099982], "2a8031alixx3u6tyu2a7k": [933, "iamaverag8", 185858.49963899996], "29gxtryykgnblu5xvdip8": [880, "Duckdabro", 72804.64470899997], "29srqtwaq08zzhp3kng3u": [879, "CoblerB1", 92903.37968000019], "29rhk9gdy7iiza0k3tttk": [851, "Trap11190", 58364.49924799991], "2axkwzh6f43g1regf401p": [825, "oreo_gaming", 68979.64739800003], "29w20l59y1m2zkzhkojnu": [782, "Mr.Madlord", 110433.25279800003], "2a16lrhk70q0s94hkbdwz": [779, "BWLBuck", 135555.17208899983], "29id5ta7mb54j28tz6wfe": [761, "Convrist", 90243.52371000002], "2bgyhql8flu7rykokzr0l": [740, "Glingust", 76609.86023600005], "2a0r12prnob1y78t7wqpn": [733, "Dyght_light", 53125.749045000004], "2bkj2x1tozu1cwg34wcpt": [730, "8875rx", 67420.48039800006], "29nxcg0chi4uqcj7yk7f4": [715, "KEN__CARS0N", 170950.93208599996], "2ap0yu9y9g2lcvxbc5x3g": [706, "dawn.qt", 88275.05576999995], "29rqdxks1jyqbrdnw6ggs": [687, "CYDIGI3", 74690.94275400006], "29rkswgx13q8mej7mxdg6": [683, "AFT_Daring", 88750.80923309994], "2apqgju0ttomc3mztt3p6": [674, "Iegendary", 34239.768629000035], "2ap647di3dc1k42jf4o2o": [660, "yO0hooVrrr", 57751.395880000004], "29qeyt8s1biu4e22e8653": [653, "brandonhamrick", 59016.80964999997], "2ak0ysv35egakgfilswpy": [644, "EBSpark", 78361.32134000007], "2c9uw1hmr8t6d32l50qha": [631, "GVPikachu", 64934.029633], "2bf8hyynuelajywj9k4n7": [612, "Polaris8477", 128705.75760800009], "29qv44zsn1bl7muilse95": [601, "Ryzx", 26435.285750000003], "2bmmn2miw2opz93rsr4wf": [597, "Cernsberger", 87994.12316000006], "2c7oqjunzn6dwy7rv6i96": [593, "HYBR1D", 41954.74824999999], "29px3pmrktk2sms8qmvqb": [588, "CokeDeeee", 52103.45240699998], "2bvy4htc1ihhkf23hxxce": [583, "BigDum", 48913.99061799996], "29k763epg4asdivyctend": [569, "GRAY_820", 80906.31866], "29ezo6a90tadi40tflojy": [567, "fargoshark", 73935.49275000003], "2b98oapjfx05t5nq33xpp": [540, "crazysherman2", 39297.019129000044], "2a09tvja9dic8lchjkata": [538, "Droplet___Gamer1226", 36087.41247999997], "29udv6q207r9ehlyn3zp1": [527, "Sherbear79", 21883.91233999999], "2blld08xnu1l7ymi7qgdk": [507, "breadgenix", 60261.412879999974], "2br3r3beexa8hy0yw4c6z": [501, "Llamaiabad_m8", 31734.113109], "2c1aqs4qqftikofnp34sn": [499, "DUCK.l0v3r", 37875.780297000056], "2ao2wbj2hjofkofthq2vh": [496, "tylerlion", 41051.825339000025], "29wqa67tov5nq1kmxsr2l": [495, "synthesisdash", 43410.903599000005], "29uv38c0g6ybrxlaql9or": [490, "nolan8420", 44250.32984599999], "2b7anf6j52v10xfy419nh": [488, "avocadoboy29", 147968.93685900004], "29rf0j9ksurlx1zybi2gm": [488, "Doge786", 101290.46579500005], "29y5xtwiv6shb636vdb9c": [484, "SuperMeow10", 57753.38880999997], "2c1ac2ajubr0ftd3d0gsd": [478, "Julian_fun", 98736.45917999998], "2b7djrxoy32zfr0tx703g": [476, "FURRYTWO", 41980.04958], "2bterl3ccauezuz1slu3y": [476, "phantomzombie.2023", 55627.32411999994], "29yec0gze33pi66el8naw": [471, "piss.vr", 43426.312139999965], "29zwujsnjq6iu1jqa4keo": [462, "levi8020", 57202.07707999996], "2abebn7t4lq4ydl89oxje": [460, "FruitByTheFist", 56314.589679999925], "29z0nxar0nqsefbvvly4k": [458, "Neville_Tiger_Strike", 51473.58421999996], "2cv2k0s9j3dp3rglfmblc": [456, "SuperBlueCheese", 33597.830949999996], "2a2x6ld8bmv9k29y6yusw": [451, "DamondStrke", 47625.20949699998], "2aer1ouapoy5r6fidnezr": [448, "AzimuthGT", 30319.095398000012], "2bf5tjn2m3gdimm22z7w0": [447, "sillyboy69420", 34905.57509799997], "2ajh3ta3oul1bb2sw66r5": [437, "freezeeduck", 37772.202177000014], "2cse0rwhzexnleljzk7g3": [428, "JiggleTets", 73172.53275000004], "2am015n3aa6sebl0p6923": [427, "rougueRunner", 40086.78236999999], "2cryril20wvakeozbsknk": [416, "Doge785", 35822.002973999995], "29zta0isiiyznub5g9xhd": [413, "TheGalaxyOfYoutube", 46079.29183999996], "2c0vvrzpz3uv0mp3n30r5": [410, "AysonBoi", 72236.36097999998], "2c52qodt76x8fn8o23su1": [399, "Oreo_on_vr", 21810.401477000003], "2a33b1vaktmxzo9wiftam": [398, "ItsTrickyTrickyDicky", 31281.70153], "2cj6360mb3vzq6m87idlc": [396, "BrantleyIsBetter", 28880.14723800002], "2cmndb6aqd04eegbagxbo": [396, "vestria", 27290.958498000007], "29ztff7purjtla0n4ake9": [390, "LightsOut345", 41928.37768], "2bt1j9owykx3qrnr8ilbv": [384, "PNUT.73", 62289.76664999999], "2agnws553se4jxb8sbnpo": [382, "vrshirleys", 61386.01288000002], "2aw06b0if6j71h3ukt2ir": [381, "Masterpay", 55594.30725], "29lmdv56fjch18bes1u2j": [379, "Caziggy", 65799.88091999997], "2a0ww6psn1b42o4ziik88": [378, "logical.on.yt", 71874.03869000009], "2c265k7puq5nt7i4vqmyu": [373, "Rlfty.vr", 34981.86731000002], "2bmbn2tcbm89x9wv2idh1": [365, "Rockyraider", 90949.11087900001], "2c0r7qf181vgbcnxb3285": [363, "invert132", 43436.50304000003], "29qt9i4e2th1db3i02aqm": [361, "OtterBoy.XD", 37672.65561900003], "2b6xz7gf4az5gx4nxfyk0": [358, "Frevr", 37563.72424999999], "2ae5dh3d11sasaq41z1fc": [357, "ZURRR_111", 26239.852709999996], "29mu59yo9pbgwqloqhthe": [356, "littlebeastM8", 57586.738739999935], "2bh834iroevzddjs5reyc": [355, "DespicsbleTree", 27884.236259999998], "2cale1htizlwscwedg1r7": [352, "PoisonVR2024", 28441.614477999974], "2blgd8unf5ztm9e6b6e8m": [347, "HargraveVR", 32210.90302400002], "2be7njc2pvy2nbv7qlho1": [345, "gunnboy97", 43978.52634999998], "29qv0sdmg8m5y3lpdt05w": [345, "MrPiglett", 29797.525400000002], "2b4n1vl3nhjt4d3ognob5": [340, "TheBizzorst", 34425.28534899999], "2cpxurzwvw294smzl1100": [337, "Mr.PaintVR", 58523.66898000004], "29rbyudpcet6wdy3iidd4": [336, "TLTT", 60468.41649899997], "2a3do6ykbb3oogw62idpu": [335, "ShawboiZ", 31859.032289], "2aejscunjtm5ktmn0lh0w": [333, "LowkeyVrPro", 15491.727472999988], "2bew6i893gmw42trq9nfz": [330, "RotGoddess1", 56967.27774999994], "2bi209d7xu74t28akck0f": [328, "Brichaga", 35013.910269999986], "2a9jgtaqv54m31pu4wpvu": [326, "havey_holland", 27343.598020000016], "29v9vd6n9z45d16mi2o2n": [324, "JeffBobDude", 44504.12546], "2bns26w3fm3mw3878kl5j": [324, "PurplrVr", 35319.78923000002], "2bs9a0kjj1uhssit33q3e": [324, "BernanaBread", 34323.995008000005], "2aov1sx3zs20px13i5weq": [322, "DRAZ56", 45357.68730999999], "2bvinw4iom3jiyo68esbo": [321, "Darx", 40051.07624000002], "2b29ub6n3gq14ju1fev5v": [320, "CountryLife6", 18774.469640000003], "2c5tr3jzc3hc0l4vz230q": [317, "777feet", 72314.21815000003], "2bkjejfjfpk62f85u6b7o": [310, "lavvyvr", 25905.820128], "2a330dj0lwxto6urn4k9u": [310, "GalNightWatcher", 13062.502848999999], "2bjb2qs2qw3cv13niobik": [308, "Rickyboy101", 20071.452529999988], "2d0q9g52rhd4c8hsjasta": [307, "ok.hi.669981", 25308.71120699999], "2auqkxmj2m5cjqpv96ccw": [304, "wigglebut21", 36987.13436], "29ngj2xcdlinnuqz0vrw5": [304, "CursedPhantom", 56237.283723000015], "29j33v3pw6k19lyggvu6a": [303, "anbuvylax", 17912.928090000012], "29z0xnmo2bj7t5r2xfed1": [303, "gman2giant", 18902.09738170001], "2ako4mk7kyo1zx1hlee0m": [303, "Medveds2021", 29486.00577999998], "29j5kd62qrg5797wiiwpx": [302, "Nash_human", 28198.59626000001], "2av0siwp3dc2oy8iux1sc": [302, "lucajf920", 33140.34087000004], "2a0yppin50f1m1kzcyrbr": [301, "oasislee", 19907.397083], "2b0an06iko4dlrx80hzts": [300, "trippie-kidd", 45974.02830999997], "2b40hnywfolv6cqdo1znf": [298, "Great_Gox", 51358.83001000004], "29vhvl94jvlw4vp4b019y": [297, "luhmao", 33066.947360000035], "2baydbvctvw597zvmx6ry": [297, "TrashPandas103112", 54209.196479999984],