{"29xc83sott7wc21mlni58": [2981, "13OliviA", 191963.3654930001], "29sgp24f1uorbc6vq8d2k": [2384, "dotindex", 243002.91367650035], "29st9jdcbxxotp0t9d8en": [2038, "Mystery8281", 163869.53478389987], "2czbtyaqtbjo89sut7jqd": [1946, "Thezra325", 398311.8741080008], "29wvwcyosrr43a72at6m5": [1840, "Poggggg", 187995.7080699998], "29ffxg2ijqxyrgxyy2vjj": [1556, "FROSTY_CROSS", 258712.7809200004], "2b2plkhwfthpvqrtq90em": [1457, "Pack_VR", 164404.47259000028], "2bojjyjkmhegoqt73au7m": [1286, "FitArtist334071", 254532.54801899986], "290oi9frh8eihrh1r5z0q": [1275, "Slin", 229953.72697000016], "2bdgvs9mq43grmiabk1bk": [1127, "betterthanNskc7", 137562.90102999992], "2bl9jjc7y3wk79lt283xx": [1115, "EvildragonVR", 98394.42630500006], "29gxtryykgnblu5xvdip8": [1089, "Duckdabro", 94027.13491799987], "2a6ekr378kiwrrodjri7e": [1080, "YelloducVR", 204873.72680799998], "2b5f06beql4s712awjzd1": [1067, "oculus_crab07", 118683.5862340001], "2c9uw1hmr8t6d32l50qha": [971, "GVPikachu", 100512.26642200007], "2ap647di3dc1k42jf4o2o": [965, "yO0hooVrrr", 77598.90807699991], "2a8031alixx3u6tyu2a7k": [948, "iamaverag8", 187415.7376389999], "29wytcje12nmxfatcofke": [942, "BurningAlpaca", 98259.56424700007], "29srqtwaq08zzhp3kng3u": [928, "CoblerB1", 98954.52818000007], "2ao2wbj2hjofkofthq2vh": [918, "tylerlion", 64917.26362599996], "29rhk9gdy7iiza0k3tttk": [910, "Trap11190", 62880.956387999955], "29w20l59y1m2zkzhkojnu": [900, "Mrs.Madlord", 139893.26775699997], "2a16lrhk70q0s94hkbdwz": [890, "BWLBuck", 150329.77116899984], "2bgyhql8flu7rykokzr0l": [866, "Glingust", 92098.1481140001], "2bf8hyynuelajywj9k4n7": [854, "Polaris8477", 188050.52800700004], "2axkwzh6f43g1regf401p": [817, "dannyfreshman", 67615.86769800002], "29id5ta7mb54j28tz6wfe": [814, "Convrist", 103977.81368000006], "2bkj2x1tozu1cwg34wcpt": [811, "8875rx", 72103.44512800004], "2ap0yu9y9g2lcvxbc5x3g": [788, "x.alwxx", 107777.56141999987], "2bvy4htc1ihhkf23hxxce": [775, "BigDum", 69143.64890800003], "2a0r12prnob1y78t7wqpn": [725, "Dyght_light", 52795.722134999996], "29nxcg0chi4uqcj7yk7f4": [722, "Insert.vr", 175429.62305599995], "2ak0ysv35egakgfilswpy": [722, "EBspark", 92660.8290599999], "29qeyt8s1biu4e22e8653": [717, "brandonhamrick", 65931.54417999992], "29rqdxks1jyqbrdnw6ggs": [689, "DevilTheTagger", 77461.65126400006], "2agnws553se4jxb8sbnpo": [681, "vrshirleys", 118755.13590600011], "29rkswgx13q8mej7mxdg6": [674, "AFT_Daring", 88118.55263309993], "2apqgju0ttomc3mztt3p6": [662, "Iegendary", 32221.03532900002], "2c1ac2ajubr0ftd3d0gsd": [642, "Julian_fun", 115483.43568999995], "29y5xtwiv6shb636vdb9c": [641, "SuperMeow10", 81765.33999000004], "29s8ukg906xmbviy554so": [623, "KleptoMiner", 82591.74999], "2ao6urm519y3ttg54n20m": [608, "YLLF", 74868.40288799997], "29rf0j9ksurlx1zybi2gm": [603, "Doge786", 117739.07622300005], "29uv38c0g6ybrxlaql9or": [601, "nolan8420", 55769.60425399999], "29px3pmrktk2sms8qmvqb": [600, "CokeDeeee", 53306.78781699998], "2c7oqjunzn6dwy7rv6i96": [594, "HYBR1D", 42566.23059000001], "29qv44zsn1bl7muilse95": [591, "Ryzx", 25152.28585], "2bmmn2miw2opz93rsr4wf": [584, "Cernsberger", 87063.46510000004], "29ezo6a90tadi40tflojy": [579, "fargoshark", 80327.87542000004], "2cmndb6aqd04eegbagxbo": [578, "vestria", 39363.94448500003], "2cv2k0s9j3dp3rglfmblc": [575, "SuperBlueCheese", 46588.57386000003], "29k763epg4asdivyctend": [575, "GRAY_820", 86702.55838000009], "2b7anf6j52v10xfy419nh": [569, "avocadoboy29", 158582.96357900003], "2cse0rwhzexnleljzk7g3": [562, "JiggleTets", 95902.47327999996], "2br3r3beexa8hy0yw4c6z": [554, "Llamaiabad_m8", 36467.48241899996], "2b98oapjfx05t5nq33xpp": [553, "crazysherman2", 38783.11955800001], "2bmbn2tcbm89x9wv2idh1": [539, "Rockyraider", 134188.4933689999], "2a09tvja9dic8lchjkata": [533, "Droplet___Gamer1226", 35821.139279999974], "29udv6q207r9ehlyn3zp1": [532, "Sherbear79", 22238.86437999999], "2blld08xnu1l7ymi7qgdk": [504, "breadgenix", 60647.09337999997], "29zwujsnjq6iu1jqa4keo": [502, "levi8020", 64579.75549999995], "29wqa67tov5nq1kmxsr2l": [497, "NewSynthesis", 43594.605109], "2c1aqs4qqftikofnp34sn": [495, "DUCK.l0v3r", 38785.51049600004], "29z0nxar0nqsefbvvly4k": [490, "Neville_Tiger_Strike", 54904.54491999995], "2b7djrxoy32zfr0tx703g": [489, "FURRYTWO", 42496.60092999999], "2cpxurzwvw294smzl1100": [485, "Mr.PaintVR", 83140.61889900002], "2abebn7t4lq4ydl89oxje": [474, "FruitByTheFist", 62821.92060999996], "2bf5tjn2m3gdimm22z7w0": [471, "sillyboy69420", 37691.56428699998], "2bterl3ccauezuz1slu3y": [468, "phantomzombie.2023", 55886.93451999995], "29yec0gze33pi66el8naw": [463, "LILYSSADWORLDD", 42951.42123999997], "2aer1ouapoy5r6fidnezr": [455, "AzimuthGT", 30816.143888000006], "2am015n3aa6sebl0p6923": [453, "rougueRunner", 42895.812819999956], "2ahr07me5t3733z0ple9h": [452, "PA4TYVR", 37608.11113700002], "2dgh7p452cx6x6sik64q0": [449, "Parkeeeee", 59689.17497400002], "2be7njc2pvy2nbv7qlho1": [445, "gunnboy97", 63751.731409999986], "2bt1j9owykx3qrnr8ilbv": [442, "PNUT.73", 69850.96920000005], "2a2x6ld8bmv9k29y6yusw": [442, "DamondStrke", 47021.07209699998], "2a0ww6psn1b42o4ziik88": [436, "logical.on.yt", 93106.75062000008], "2a0lvcwp1mmrqwbzy9xkv": [429, "RadioIV", 61598.84936999998], "2cj6360mb3vzq6m87idlc": [428, "BrantleyGamingVR", 30244.93268700002], "2ajh3ta3oul1bb2sw66r5": [426, "freezeeduck", 36143.088277], "2b65xit4k32pv51wy9lea": [419, "fart.mp4", 19911.81724], "2cryril20wvakeozbsknk": [417, "Doge785", 41013.18118400002], "2c0vvrzpz3uv0mp3n30r5": [413, "AysonBoi", 71755.58282000001], "2d0q9g52rhd4c8hsjasta": [411, "ok.hi.669981", 38976.113916000046], "2cale1htizlwscwedg1r7": [410, "Awlx", 32803.080288999976], "2bfvrc4s5i5o19uyevvrc": [408, "mboss007", 15289.153370000005], "29gmek2pnwqqx27g565hs": [406, "Stand.i", 67479.92215999996], "2c0lrcakw7ge2uyuuqfk3": [405, "Doodl3sss1512", 40581.64686999995], "2bs9a0kjj1uhssit33q3e": [401, "BernanaBread", 45338.08194799995], "2c0r7qf181vgbcnxb3285": [400, "invert132", 53689.47127000001], "29zta0isiiyznub5g9xhd": [400, "TheGalaxyOfYoutube", 48083.73314999998], "29lmdv56fjch18bes1u2j": [396, "Caziggy", 74114.27745999992], "2ag433l3twx7riwlmg0h7": [394, "RadioOtter", 33100.58111900002], "2a33b1vaktmxzo9wiftam": [391, "ItsTrickyTrickyDicky", 29612.732930000006], "2c8c2dxbutxt7bi26xwwf": [386, "V1de0", 40409.240186999974], "2b0an06iko4dlrx80hzts": [384, "trippie-kidd", 64863.14038999997], "2c52qodt76x8fn8o23su1": [381, "Oreo_on_vr", 21219.673877], "29ztff7purjtla0n4ake9": [375, "LightsOut345", 40785.39685], "2aw06b0if6j71h3ukt2ir": [370, "Masterpay", 54929.31594999998], "2blgd8unf5ztm9e6b6e8m": [367, "HargraveVR", 34204.858374000025], "2c265k7puq5nt7i4vqmyu": [367, "Rlfty.vr", 35150.35113000002], "2c0g0vag10vipkvj3jwq8": [363, "kozmic60", 49837.98371599996], "29mu59yo9pbgwqloqhthe": [361, "littlebeastM8", 57744.31274999993], "29qt9i4e2th1db3i02aqm": [359, "OtterBoy.XD", 40958.19601900003], "29rbyudpcet6wdy3iidd4": [356, "TLTT", 71870.4145489999], "2bi209d7xu74t28akck0f": [356, "BRICHAGA", 42047.44192800003], "2b6xz7gf4az5gx4nxfyk0": [355, "Frevr", 37034.84414999999], "2ae5dh3d11sasaq41z1fc": [352, "ZURRR_111", 25977.21571999999], "2b73bdanhzp2gmr41m283": [350, "TronisRobot", 69671.21758800006], "29j5kd62qrg5797wiiwpx": [347, "Nash_human", 35784.40943000001], "2c6pd8b8m94ew3i2z2ogw": [347, "1ForkVR1", 45608.841777999965], "2ctxred9srmtrfk2eghwo": [346, "John.Satterstrom79", 33067.33772800002], "2bh834iroevzddjs5reyc": [345, "DespicsbleTree", 27395.81726], "2bkjejfjfpk62f85u6b7o": [344, "lavvyvr", 30025.262426], "2c0jd4vvao1gicgwtbgp1": [344, "muffin3553857", 42171.979676999996], "29v9vd6n9z45d16mi2o2n": [342, "JeffBobDude", 47996.33955999999], "29prp534vnw8llkf0v0qm": [340, "FVRG", 43915.85079999996], "2b4n1vl3nhjt4d3ognob5": [339, "TheBizzorst", 35004.31760799999], "2baydbvctvw597zvmx6ry": [337, "TrashPandas103112", 57335.370549999985], "2c188radl030y7ztiyddp": [336, "turretvr", 47189.914278], "29j33v3pw6k19lyggvu6a": [335, "anbuvylax", 19401.145587000017], "29qv0sdmg8m5y3lpdt05w": [334, "MrPiglett", 29171.408580000003],