{"29xc83sott7wc21mlni58": [2843, "13OliviA", 187211.87434500022], "29sgp24f1uorbc6vq8d2k": [2354, "dotindex", 242775.33122650045], "29wvwcyosrr43a72at6m5": [1833, "Poggggg", 189912.6566199998], "2czbtyaqtbjo89sut7jqd": [1696, "Thezra325", 314634.16001199995], "29st9jdcbxxotp0t9d8en": [1634, "Mystery8281", 127051.90129390014], "29ffxg2ijqxyrgxyy2vjj": [1466, "FROSTY_CROSS", 239042.4508400003], "2b2plkhwfthpvqrtq90em": [1295, "Pack_VR", 128873.955589], "290oi9frh8eihrh1r5z0q": [1219, "Slin", 215065.27586999998], "2bdgvs9mq43grmiabk1bk": [1116, "draculaflo", 136533.84446999995], "2a6ekr378kiwrrodjri7e": [1084, "YelloducVR", 200302.831568], "2bl9jjc7y3wk79lt283xx": [1078, "EvildragonVR", 90297.43071000012], "2bojjyjkmhegoqt73au7m": [1073, "FitArtist334071", 203591.33281099985], "2b5f06beql4s712awjzd1": [1064, "oculus_crab07", 115618.96717500009], "29gxtryykgnblu5xvdip8": [960, "Duckdabro", 82292.41323799988], "2a8031alixx3u6tyu2a7k": [945, "iamaverag8", 186782.3917389999], "29srqtwaq08zzhp3kng3u": [918, "CoblerB1", 94076.11980000016], "29rhk9gdy7iiza0k3tttk": [863, "Trap11190", 59144.01307799992], "2ao2wbj2hjofkofthq2vh": [859, "tylerlion", 57550.801225999974], "29w20l59y1m2zkzhkojnu": [845, "Mr.Madlord", 128964.7474769999], "2a16lrhk70q0s94hkbdwz": [831, "BWLBuck", 141787.80499899993], "2axkwzh6f43g1regf401p": [821, "dannyfreshman", 68435.07539800004], "2bkj2x1tozu1cwg34wcpt": [790, "8875rx", 71308.874798], "29id5ta7mb54j28tz6wfe": [786, "Convrist", 99696.85761000002], "2bgyhql8flu7rykokzr0l": [756, "Glingust", 77337.46275500004], "2c9uw1hmr8t6d32l50qha": [749, "GVPikachu", 76017.34567100005], "2ap0yu9y9g2lcvxbc5x3g": [739, "dawn.qt", 98830.2799699999], "2a0r12prnob1y78t7wqpn": [731, "Dyght_light", 52978.759945000005], "2bf8hyynuelajywj9k4n7": [728, "Polaris8477", 143641.34065700014], "29nxcg0chi4uqcj7yk7f4": [718, "KEN__CARS0N", 173659.41598599998], "29qeyt8s1biu4e22e8653": [704, "brandonhamrick", 62409.10213999996], "2ak0ysv35egakgfilswpy": [699, "EBspark", 87598.56655999992], "29rqdxks1jyqbrdnw6ggs": [690, "CYDIGI3", 76749.94275400003], "2ap647di3dc1k42jf4o2o": [689, "yO0hooVrrr", 55826.939160000016], "29rkswgx13q8mej7mxdg6": [678, "AFT_Daring", 88211.19773309994], "2apqgju0ttomc3mztt3p6": [672, "Iegendary", 34099.89362900003], "2bvy4htc1ihhkf23hxxce": [659, "BigDum", 58636.57697799999], "2c7oqjunzn6dwy7rv6i96": [620, "HYBR1D", 43948.31208000002], "29px3pmrktk2sms8qmvqb": [596, "CokeDeeee", 52472.93462699999], "29qv44zsn1bl7muilse95": [595, "Ryzx", 25246.736950000002], "29y5xtwiv6shb636vdb9c": [594, "SuperMeow10", 76126.04164000001], "2bmmn2miw2opz93rsr4wf": [590, "Cernsberger", 86962.58576000006], "29k763epg4asdivyctend": [584, "GRAY_820", 88218.8708800001], "29ezo6a90tadi40tflojy": [564, "fargoshark", 74698.16990000002], "2b98oapjfx05t5nq33xpp": [555, "crazysherman2", 38810.129998000026], "2br3r3beexa8hy0yw4c6z": [545, "Llamaiabad_m8", 35740.49035899999], "2a09tvja9dic8lchjkata": [536, "Droplet___Gamer1226", 35940.10027999997], "29uv38c0g6ybrxlaql9or": [531, "nolan8420", 46569.22754600002], "29udv6q207r9ehlyn3zp1": [526, "Sherbear79", 21875.26828999999], "29rf0j9ksurlx1zybi2gm": [516, "Doge786", 106263.68009400005], "2blld08xnu1l7ymi7qgdk": [509, "breadgenix", 61208.94677999997], "2c1aqs4qqftikofnp34sn": [506, "DUCK.l0v3r", 39078.71379600003], "2c1ac2ajubr0ftd3d0gsd": [504, "Julian_fun", 100642.66608], "29wqa67tov5nq1kmxsr2l": [501, "NewSynthesis", 43822.991799], "2b7djrxoy32zfr0tx703g": [496, "FURRYTWO", 42978.22413], "2b7anf6j52v10xfy419nh": [495, "avocadoboy29", 149863.044789], "2bf5tjn2m3gdimm22z7w0": [484, "sillyboy69420", 38838.58508699997], "29zwujsnjq6iu1jqa4keo": [481, "levi8020", 60969.53311999995], "2abebn7t4lq4ydl89oxje": [475, "FruitByTheFist", 61501.23789999995], "2bterl3ccauezuz1slu3y": [472, "phantomzombie.2023", 55371.03771999994], "2cse0rwhzexnleljzk7g3": [471, "JiggleTets", 82686.56423], "29yec0gze33pi66el8naw": [466, "piss.vr", 42576.808139999965], "2cv2k0s9j3dp3rglfmblc": [460, "SuperBlueCheese", 33879.85362], "2aer1ouapoy5r6fidnezr": [459, "AzimuthGT", 31012.575128000004], "29z0nxar0nqsefbvvly4k": [458, "Neville_Tiger_Strike", 51952.717219999955], "2cmndb6aqd04eegbagxbo": [451, "vestria", 29870.737705000018], "2a2x6ld8bmv9k29y6yusw": [448, "DamondStrke", 47543.150896999985], "2cpxurzwvw294smzl1100": [441, "Mr.PaintVR", 75123.88480000006], "2a0ww6psn1b42o4ziik88": [439, "logical.on.yt", 94049.5869100001], "2am015n3aa6sebl0p6923": [436, "rougueRunner", 40908.07007999997], "2cryril20wvakeozbsknk": [435, "Doge785", 42042.38961400001], "2ajh3ta3oul1bb2sw66r5": [433, "freezeeduck", 36585.65227700001], "2agnws553se4jxb8sbnpo": [430, "vrshirleys", 67844.52385000003], "2bt1j9owykx3qrnr8ilbv": [413, "PNUT.73", 60674.71745999999], "29zta0isiiyznub5g9xhd": [412, "TheGalaxyOfYoutube", 48637.51523999999], "2c0vvrzpz3uv0mp3n30r5": [402, "AysonBoi", 68482.29436999995], "2bmbn2tcbm89x9wv2idh1": [399, "Rockyraider", 95990.27301899999], "2cale1htizlwscwedg1r7": [399, "PoisonVR2024", 31275.11242799998], "2cj6360mb3vzq6m87idlc": [399, "BrantleyIsBetter", 28459.988388000023], "2a33b1vaktmxzo9wiftam": [396, "ItsTrickyTrickyDicky", 30238.70833], "2c0r7qf181vgbcnxb3285": [395, "invert132", 51015.87408000004], "2c52qodt76x8fn8o23su1": [391, "Oreo_on_vr", 21411.389537000006], "2d0q9g52rhd4c8hsjasta": [388, "ok.hi.669981", 34750.53758700003], "29lmdv56fjch18bes1u2j": [387, "Caziggy", 69327.7402199999], "29ztff7purjtla0n4ake9": [384, "LightsOut345", 41684.74798], "2c265k7puq5nt7i4vqmyu": [379, "Rlfty.vr", 36081.54203000002], "2aw06b0if6j71h3ukt2ir": [377, "Masterpay", 55375.33954999999], "2be7njc2pvy2nbv7qlho1": [373, "gunnboy97", 46220.92286999998], "2ao6urm519y3ttg54n20m": [372, "YLLF", 34855.06989900002], "2bs9a0kjj1uhssit33q3e": [363, "BernanaBread", 40279.611256999924], "29mu59yo9pbgwqloqhthe": [359, "littlebeastM8", 57570.69498999993], "29qt9i4e2th1db3i02aqm": [359, "OtterBoy.XD", 40932.06281900003], "2b6xz7gf4az5gx4nxfyk0": [358, "Frevr", 37627.12115], "2blgd8unf5ztm9e6b6e8m": [355, "HargraveVR", 33613.56723400003], "2ae5dh3d11sasaq41z1fc": [353, "ZURRR_111", 25989.88271999999], "29rbyudpcet6wdy3iidd4": [350, "TLTT", 70290.04163899992], "2bh834iroevzddjs5reyc": [350, "DespicsbleTree", 27568.549460000002], "2b4n1vl3nhjt4d3ognob5": [347, "TheBizzorst", 35036.110667999994], "29qv0sdmg8m5y3lpdt05w": [344, "MrPiglett", 29622.58121], "2a3do6ykbb3oogw62idpu": [342, "ShawboiZ", 32420.129189000003], "29j5kd62qrg5797wiiwpx": [338, "Nash_human", 33174.64729], "2b65xit4k32pv51wy9lea": [332, "fart.mp4", 16186.924819999997], "2bkjejfjfpk62f85u6b7o": [332, "lavvyvr", 29210.602018000005], "2aejscunjtm5ktmn0lh0w": [331, "LowkeyVrPro", 15493.948972999988], "29v9vd6n9z45d16mi2o2n": [330, "JeffBobDude", 45716.20906000001], "2baydbvctvw597zvmx6ry": [330, "TrashPandas103112", 56855.25523999999], "29j33v3pw6k19lyggvu6a": [326, "anbuvylax", 18688.454929000018], "2c0lrcakw7ge2uyuuqfk3": [325, "Doodl3sss1512", 34547.08768999998], "2b73bdanhzp2gmr41m283": [324, "TronisRobot", 64138.807597999985], "2bns26w3fm3mw3878kl5j": [324, "PurplrVr", 35493.893530000016], "2bi209d7xu74t28akck0f": [324, "Brichaga", 34762.13566999998], "2bew6i893gmw42trq9nfz": [324, "RotGoddess1", 56401.34724999995], "2b0an06iko4dlrx80hzts": [322, "trippie-kidd", 47794.15704999997], "2bvinw4iom3jiyo68esbo": [322, "Darx", 40320.31524000001], "2aov1sx3zs20px13i5weq": [322, "DRAZ56", 46489.92226999998], "2a9jgtaqv54m31pu4wpvu": [321, "harvey_holland", 26095.283020000013], "29gmek2pnwqqx27g565hs": [320, "Stand.i", 54559.75304000005], "2b29ub6n3gq14ju1fev5v": [319, "CountryLife6", 18730.792739999997], "2c5tr3jzc3hc0l4vz230q": [314, "777feet", 72157.09165000003], "2auqkxmj2m5cjqpv96ccw": [313, "wigglebut21", 37954.3528], "29z0xnmo2bj7t5r2xfed1": [311, "gman2giant", 17512.473381700005], "2c188radl030y7ztiyddp": [310, "turretvr", 44462.52126799999], "2a7dpr68r014rdkz6927a": [308, "Auran_Simia", 74043.72396000005], "2byiugl45e5jm6z2oafye": [307, "mattenvurg", 57413.608330000054],