{"29xc83sott7wc21mlni58": [2824, "13OliviA", 184502.2013750001], "29sgp24f1uorbc6vq8d2k": [2238, "dotindex", 240428.05478650038], "29wvwcyosrr43a72at6m5": [1768, "Poggggg", 178102.8217999998], "29ffxg2ijqxyrgxyy2vjj": [1165, "FROSTY_CROSS", 200705.62739000007], "290oi9frh8eihrh1r5z0q": [1125, "Slin", 187279.01136999993], "29st9jdcbxxotp0t9d8en": [1114, "Navilain", 84546.48219490012], "2bdgvs9mq43grmiabk1bk": [1087, "draculaflo", 125061.09008999991], "2b5f06beql4s712awjzd1": [1043, "oculus_crab07", 110278.66443700003], "2bl9jjc7y3wk79lt283xx": [1029, "EvildragonVR", 87103.91970000011], "2a6ekr378kiwrrodjri7e": [993, "YelloducVR", 190968.055928], "2bojjyjkmhegoqt73au7m": [960, "FitArtist334071", 160625.681311], "2b2plkhwfthpvqrtq90em": [954, "Pack_VR", 100451.56979999995], "2czbtyaqtbjo89sut7jqd": [934, "Thezra325", 181316.99269400034], "2a8031alixx3u6tyu2a7k": [885, "iamaverag8", 172948.446689], "29srqtwaq08zzhp3kng3u": [852, "CoblerB1", 91291.93968000016], "2axkwzh6f43g1regf401p": [832, "oreo_gaming", 69250.56448800002], "29rhk9gdy7iiza0k3tttk": [809, "Trap11190", 53248.79729999991], "2a0r12prnob1y78t7wqpn": [720, "Dyght_light", 52842.060775], "29gxtryykgnblu5xvdip8": [712, "Duckdabro", 55151.11954000002], "2bgyhql8flu7rykokzr0l": [695, "Glingust", 66380.41059799997], "29nxcg0chi4uqcj7yk7f4": [694, "Insert.vr", 169067.28074599995], "29rkswgx13q8mej7mxdg6": [689, "AFT_Daring", 88949.50876309995], "29w20l59y1m2zkzhkojnu": [681, "Mr.Madlord", 98885.82461799997], "2apqgju0ttomc3mztt3p6": [681, "Iegendary", 34572.94705900003], "29id5ta7mb54j28tz6wfe": [680, "Convrist", 76826.87869000001], "2bkj2x1tozu1cwg34wcpt": [676, "8875rx", 61320.86313799998], "2a16lrhk70q0s94hkbdwz": [660, "BWLBuck", 111093.70050899991], "2ap0yu9y9g2lcvxbc5x3g": [657, "aIwx", 77394.57009999994], "29rqdxks1jyqbrdnw6ggs": [642, "CYDIGI3", 70414.72114400002], "2ap647di3dc1k42jf4o2o": [617, "yO0hooVr", 48040.63224000004], "2bmmn2miw2opz93rsr4wf": [611, "Cernsberger", 88925.97838000006], "29qv44zsn1bl7muilse95": [603, "Ryzx", 26484.89102], "2ak0ysv35egakgfilswpy": [593, "EBSpark", 71337.51432000007], "29px3pmrktk2sms8qmvqb": [581, "CokeDeeee", 51815.06820699999], "29k763epg4asdivyctend": [552, "GRAY_820", 77797.30942], "2bf8hyynuelajywj9k4n7": [551, "Polaris8477", 114266.32737900007], "2c7oqjunzn6dwy7rv6i96": [550, "HYBR1D", 36563.56317000001], "29ezo6a90tadi40tflojy": [546, "fargoshark", 72149.08958000003], "29udv6q207r9ehlyn3zp1": [528, "Sherbear79", 21894.50133999999], "2a09tvja9dic8lchjkata": [527, "Droplet___Gamer1226", 35184.537889999985], "29qeyt8s1biu4e22e8653": [522, "brandonhamrick", 43129.540629999974], "2blld08xnu1l7ymi7qgdk": [506, "breadgenix", 59492.38436999998], "29wqa67tov5nq1kmxsr2l": [498, "QT_synth", 42796.67919900001], "2b7anf6j52v10xfy419nh": [493, "avocadoboy29", 94901.75899900013], "2b98oapjfx05t5nq33xpp": [492, "crazysherman2", 37235.167309000026], "2br3r3beexa8hy0yw4c6z": [484, "dotlndex", 28241.918978000023], "2bterl3ccauezuz1slu3y": [484, "phantomzombie.2023", 57231.30091999996], "29yec0gze33pi66el8naw": [478, "piss.vr", 43648.36003999998], "29z0nxar0nqsefbvvly4k": [461, "Neville_Tiger_Strike", 52155.95321999995], "2bvy4htc1ihhkf23hxxce": [459, "BigDum", 39878.991057999956], "2a2x6ld8bmv9k29y6yusw": [456, "DamondStrke", 47850.26411699998], "29zwujsnjq6iu1jqa4keo": [455, "levi8020", 56083.147049999956], "29uv38c0g6ybrxlaql9or": [444, "nolan8420", 38002.451047], "2ajh3ta3oul1bb2sw66r5": [435, "freezeeduck", 37493.61587700001], "29y5xtwiv6shb636vdb9c": [423, "SuperMeow10", 50064.52085999996], "2c1ac2ajubr0ftd3d0gsd": [420, "Julian_fun", 90999.48850999995], "29rf0j9ksurlx1zybi2gm": [420, "Doge786", 71185.83062700008], "2abebn7t4lq4ydl89oxje": [418, "FruitByTheFist", 47583.92290999994], "2am015n3aa6sebl0p6923": [418, "rougueRunner", 39672.88978], "2c1aqs4qqftikofnp34sn": [415, "DUCK.l0v3r", 30694.683467000028], "29zta0isiiyznub5g9xhd": [414, "SubToGalaxy", 47735.89464999997], "2b7djrxoy32zfr0tx703g": [409, "FURRYTWO", 37756.936579999965], "2aer1ouapoy5r6fidnezr": [407, "AzimuthGT", 26550.558648999995], "2a33b1vaktmxzo9wiftam": [401, "ItsTrickyTrickyDicky", 31315.35839], "29ztff7purjtla0n4ake9": [396, "LightsOut345", 42160.81797999999], "2c0vvrzpz3uv0mp3n30r5": [390, "AysonBoi", 70881.72815999998], "2aw06b0if6j71h3ukt2ir": [390, "Masterpay", 55960.14975], "2c9uw1hmr8t6d32l50qha": [375, "GVPikachu", 37000.27260599999], "2ae5dh3d11sasaq41z1fc": [362, "ZURRR_111", 26626.73089999999], "2c52qodt76x8fn8o23su1": [361, "Oreo_on_vr", 20888.242138000005], "2cmndb6aqd04eegbagxbo": [359, "vestrialy", 24181.307599], "2bh834iroevzddjs5reyc": [358, "DespicsbleTree", 28007.667360000003], "2bt1j9owykx3qrnr8ilbv": [351, "1235311PNUT", 57078.80064999997], "29qv0sdmg8m5y3lpdt05w": [350, "MrPiglett", 29866.025300000005], "2b6xz7gf4az5gx4nxfyk0": [349, "Frevr", 36735.90358999998], "29lmdv56fjch18bes1u2j": [347, "Caziggy", 60609.05601999997], "29mu59yo9pbgwqloqhthe": [339, "littlebeastM8", 55303.26063999993], "2a3do6ykbb3oogw62idpu": [339, "ShawboiZ", 32267.049510000004], "2bew6i893gmw42trq9nfz": [338, "RotGoddess1", 59403.16374999995], "2cv2k0s9j3dp3rglfmblc": [336, "SuperBlueCheese", 24770.88461999999], "2bi209d7xu74t28akck0f": [336, "BRICHAGA", 35029.12616999998], "2b29ub6n3gq14ju1fev5v": [336, "CountryLife6", 19632.241049999997], "2bmbn2tcbm89x9wv2idh1": [334, "Rockyraider", 82772.17007900003], "2c0r7qf181vgbcnxb3285": [333, "invert132", 38888.34217000001], "2aov1sx3zs20px13i5weq": [322, "Jason.Justice", 45345.43100999999], "2c265k7puq5nt7i4vqmyu": [321, "Rlfty.vr", 30678.057380000013], "2bvinw4iom3jiyo68esbo": [319, "SilverBrox", 39209.902340000015], "2bjb2qs2qw3cv13niobik": [316, "Rickyboy101", 20586.82398999999], "2bns26w3fm3mw3878kl5j": [315, "PurplrVr", 34207.287300000025], "2a330dj0lwxto6urn4k9u": [314, "GalNightWatcher", 13133.169348999996], "2ako4mk7kyo1zx1hlee0m": [314, "Medveds2021", 30186.518129999982], "29v9vd6n9z45d16mi2o2n": [314, "JeffBobDude", 42207.71436000003], "2a9jgtaqv54m31pu4wpvu": [312, "havey_holland", 26439.83823000002], "2aejscunjtm5ktmn0lh0w": [309, "LowkeyVrPro", 13550.913845999994], "29qt9i4e2th1db3i02aqm": [307, "OtterBoy06", 32651.595779000018], "29ngj2xcdlinnuqz0vrw5": [306, "CursedPhantom", 56562.39472300002], "2av0siwp3dc2oy8iux1sc": [306, "lucajf920", 33533.19077000004], "2b40hnywfolv6cqdo1znf": [305, "Great_Gox", 51835.84091000005], "29rbyudpcet6wdy3iidd4": [300, "TLTT", 56043.663709999964], "2a0yppin50f1m1kzcyrbr": [300, "oasislee", 19585.240013000002], "2a0ww6psn1b42o4ziik88": [300, "logical.on.yt", 53084.86723000003], "2a2loxmylxylzuf52makx": [297, "Popfox101", 25208.20962900001], "29j5kd62qrg5797wiiwpx": [296, "Nash_human", 27439.043060000004], "2a6vkwrdnbmuf5iyhuxe7": [296, "Alekai1", 36785.620630000005], "29vhvl94jvlw4vp4b019y": [294, "luhmao", 33835.769920000035], "2abovr5t3alegxugovv4u": [292, "TalenMunster", 43540.61426999998], "2bf5tjn2m3gdimm22z7w0": [288, "sillyboy_vr", 20001.687888999997], "29nw8ne8bffda9wwqztbw": [287, "speeder2", 49598.91321000003], "2bs9a0kjj1uhssit33q3e": [284, "BernanaBread", 28558.87646800002], "2c5tr3jzc3hc0l4vz230q": [284, "777feet", 63915.407329999995], "2b65xit4k32pv51wy9lea": [284, "fart.mp4", 14839.678829999993], "2b4n1vl3nhjt4d3ognob5": [281, "TheBizzorst", 30925.70073000001], "2cse0rwhzexnleljzk7g3": [279, "JiggleTets", 34751.95856000001], "2be7njc2pvy2nbv7qlho1": [279, "gunnboy97", 35553.85558], "2bjz8nebkbbt9ima3sn9x": [279, "NSKC8", 32781.79171999998], "29jeo3iwb3c4aj7vyulau": [277, "KylenSalty", 35182.07074], "29z0xnmo2bj7t5r2xfed1": [276, "gman2giant", 18080.812101699998], "2b45z4cwsk5hjcn4scz1z": [274, "SomeStrangePerson", 55648.49556999998], "29mo8es458607q0r7uy2z": [274, "PeeRooo", 28458.37857000001], "2b0an06iko4dlrx80hzts": [273, "trippie-kidd", 39910.29711999999], "29j33v3pw6k19lyggvu6a": [271, "anbuvylax", 16971.542210000003], "2agnws553se4jxb8sbnpo": [270, "vrshirleys", 37234.12658000002], "2a8x4n43v5ry9hfqdj4zh": [267, "Rylanchad", 22138.837209999994],