{"identifier": "2aegeqtifn3bpjql2o0x5:1705770971", "title": "Around The Universe Pt:1", "complexity": 628, "update_timestamp": 1711474560285, "creation_timestamp": 1711474560285, "creators": ["Ghost_fr", "rockyraider"], "tags": ["ok"], "statistics": {"total_played": 300, "difficulty": 0.010869565217391304, "liked": 0.6666666666666666, "time": 40.579100000000004, "difficulty_string": "hard"}, "images": {"thumb": {"key": "level_2aegeqtifn3bpjql2o0x5_1705770971_1_thumb.png"}}, "change": 0}