{
  "identifier": "29srqtwaq08zzhp3kng3u:1685205935",
  "title": "100 levels of limbo",
  "complexity": 1795,
  "format_version": 6,
  "update_timestamp": 1689005848173,
  "creation_timestamp": 1689005848173,
  "data_key": "level_data:29srqtwaq08zzhp3kng3u:1685205935:1",
  "creators": [
    "CblerB1 LowkeyVrPro"
  ],
  "tags": [
    "ok"
  ],
  "statistics": {
    "total_played": 1400,
    "difficulty": 0.005668016194331984,
    "liked": 1,
    "time": 1046.8395714285714
  },
  "creator": "CblerB1 LowkeyVrPro",
  "change": 0
}